episode,length,time,reward,delta
0,40.0,0.0031589999999823704,0.0,7.27081395476717e-05
1,26.0,0.00187299999993229,0.0,6.669609371340258e-05
2,5.0,0.0004240000000663713,0.0,9.879024721766254e-05
3,18.0,0.0013109999999869615,0.0,4.9395123608831325e-05
4,8.0,0.0006459999999606225,0.0,2.4697561804415662e-05
5,10.0,0.0009539999999788051,0.0,-0.00023534489144472518
6,24.0,0.002149000000031265,0.0,0.00014643436773668743
7,30.0,0.002212999999983367,0.0,0.00010609267771752751
8,64.0,0.004675000000020191,0.0,0.00017437193685279336
9,21.0,0.0015250000000150976,0.0,0.00011671670919193087
10,109.0,0.00835800000004383,0.0,0.0006751040354647748
11,37.0,0.0026669999999739957,0.0,-0.0001855125032021286
12,13.0,0.0011799999999766442,0.0,0.00028998479383673254
13,8.0,0.0006599999999252759,0.0,0.00045246385471907975
14,12.0,0.0009049999999888314,0.0,0.00014499239691836627
15,20.0,0.001439000000004853,0.0,3.56891814904173e-05
16,49.0,0.003413000000023203,0.0,0.00033755201773238736
17,34.0,0.0023940000000948203,0.0,0.00015102049257906388
18,32.0,0.0022440000000187865,0.0,0.000279456607812269
19,12.0,0.0008940000000166037,0.0,-0.0001931826920118946
20,9.0,0.0006889999999657448,0.0,0.0001397283039061345
21,17.0,0.0012269999999716674,0.0,-9.275625160106436e-05
22,16.0,0.0011600000000271393,0.0,0.0002454961830174547
23,20.0,0.0014319999999088395,0.0,0.00012464876941094944
24,10.0,0.0007550000000264845,0.0,0.0002516072493010755
25,29.0,0.0020469999999477295,0.0,0.00011018276003420605
26,12.0,0.0008930000000191285,0.0,0.0006400156213740541
27,17.0,0.0012429999999312713,0.0,0.00019234711706990807
28,19.0,0.0013959999999997308,0.0,0.00012580362465053774
29,55.0,0.003868000000011307,0.0,0.0002479908476049333
30,43.0,0.0030309999999644788,0.0,0.0002977368981274817
31,47.0,0.00327900000002046,0.0,0.00028598212814327914
32,40.0,0.003283000000010361,0.0,0.000330231012249638
33,14.0,0.0010160000000496439,0.0,0.00014299106407163957
34,7.0,0.0005489999999781503,0.0,7.149553203581978e-05
35,5.0,0.0004290000000537475,0.0,0.0002942929608849578
36,53.0,0.004096000000004096,0.0,-5.3023318389032936e-05
37,49.0,0.003625999999940177,0.0,0.00026715872284948435
38,33.0,0.0023489999999810607,0.0,0.00013357936142474212
39,25.0,0.0017810000000508808,0.0,9.351505836954494e-05
40,12.0,0.0008960000000115542,0.0,0.00020379929895352703
41,30.0,0.002452000000062071,0.0,0.0003488843984518885
42,15.0,0.0011160000000245418,0.0,0.00018108186845708222
43,17.0,0.0012779999999565916,0.0,0.0002760794059868633
44,4.0,0.0003699999999753345,0.0,0.00010189964947676352
45,8.0,0.0006379999999808206,0.0,0.00011134775915195183
46,38.0,0.0026800000000548607,0.0,0.0002373550304597341
47,44.0,0.003086999999936779,0.0,0.0002581394626051858
48,33.0,0.0023160000000643777,0.0,5.509138001710302e-05
49,25.0,0.0017699999999649663,0.0,0.00011454266385961922
50,13.0,0.0009609999999611318,0.0,-2.6511659194516468e-05
51,16.0,0.0011729999999943175,0.0,9.93796220165262e-05
52,37.0,0.0025910000000521904,0.0,0.0003334331302498551
53,32.0,0.0022309999999379215,1.0,0.9999248794194608
54,27.0,0.0017910000000256332,0.0,0.00029712301628970466
55,7.0,0.0005119999999578795,0.0,0.0003152272183418028
56,54.0,0.0037660000000414584,0.0,0.00015761360917090146
57,63.0,0.005165000000033615,0.0,0.00039892676319256814
58,17.0,0.001356000000100721,0.0,0.00022134080733652672
59,14.0,0.0012070000000221626,0.0,0.0002561246521416956
60,18.0,0.0015540000000555665,0.0,-0.00012342944819223147
61,22.0,0.0016059999999242791,0.0,-2.9427115685223717e-05
62,16.0,0.0012010000000373111,0.0,0.00028696280878479324
63,4.0,0.0003649999999879583,0.0,0.00014348140439239662
64,10.0,0.0007790000000795771,0.0,7.174070219619836e-05
65,16.0,0.0014639999999417341,0.0,-0.00014200691390824072
66,23.0,0.0018599999999651118,0.0,-2.243924944434698e-05
67,12.0,0.0010520000000724394,0.0,2.754569000855151e-05
68,47.0,0.003907000000026528,0.0,0.00011067040366826342
69,14.0,0.001079000000004271,0.0,0.0003209170006522586
70,64.0,0.004607999999961976,0.0,6.983150947143728e-05
71,33.0,0.002455000000054497,0.0,5.727133192980961e-05
72,8.0,0.0006379999999808206,0.0,0.0003163102995674376
73,39.0,0.003057000000012522,0.0,0.00015409382559880374
74,23.0,0.002184000000056585,0.0,-7.10034569541203e-05
75,24.0,0.0017199999999775173,0.0,8.145264962535652e-05
76,47.0,0.003313000000048305,0.0,0.0003238532755054596
77,30.0,0.0021189999999933207,0.0,0.0003233158761328131
78,12.0,0.0009109999999736829,0.0,0.000382347633428888
79,6.0,0.0004920000000083746,0.0,0.0002892931626021667
80,31.0,0.00217099999997572,0.0,0.0006836907068213619
81,17.0,0.0012229999999817665,0.0,0.0003584745696406026
82,18.0,0.00130500000000211,0.0,-9.392087712241121e-05
83,35.0,0.002471000000014101,0.0,5.2638707544939664e-05
84,32.0,0.002253999999993539,0.0,0.0003106734480479308
85,22.0,0.0015610000000378932,0.0,0.000195987821316782
86,36.0,0.0024950000000671935,0.0,2.6319353772469886e-05
87,8.0,0.0007269999999834909,0.0,0.000191173816714444
88,63.0,0.004641999999989821,0.0,-0.22524228667037538
89,68.0,0.004729999999995016,0.0,9.558690835722206e-05
90,10.0,0.0007390000000668806,0.0,4.779345417861103e-05
91,32.0,0.0023279999999203937,0.0,2.389672708930546e-05
92,13.0,0.0009100000000898945,0.0,0.0001956421613894026
93,17.0,0.0011389999999664724,0.0,0.00020460900356052668
94,10.0,0.0007090000000289365,0.0,0.00023260184440621122
95,14.0,0.001312999999981912,0.0,-1.4713557842611804e-05
96,28.0,0.0018090000000938744,0.0,7.704691279940192e-05
97,15.0,0.0010069999999586798,0.0,0.00016576434127183837
98,6.0,0.00044700000000830187,0.0,-4.637812580053212e-05
99,10.0,0.0007980000000316068,0.0,0.00033262347242023335
100,16.0,0.0011499999999387,0.0,0.00011630092220310561
101,19.0,0.0012950000000273576,0.0,0.00013951405519859025
102,24.0,0.0018719999999348147,0.0,0.00030296219596701827
103,18.0,0.001320999999961714,0.0,0.00015371586108807705
104,10.0,0.000831999999945765,0.0,0.0001514810979835092
105,6.0,0.0005149999999503052,0.0,5.815046110155286e-05
106,7.0,0.0005899999999883221,0.0,0.0002585470585404479
107,39.0,0.0033490000000711007,0.0,0.00012927352927022396
108,15.0,0.0010580000000572909,0.0,6.463676463511203e-05
109,41.0,0.003287000000000262,0.0,-4.696043856120566e-05
110,8.0,0.0006819999999834181,0.0,0.00022174192161650568
111,60.0,0.0043640000000095824,0.0,-0.1126211433351877
112,26.0,0.00176499999997759,0.0,0.0002335595910841887
113,39.0,0.0025950000000420914,0.0,7.574054899175465e-05
114,12.0,0.0008430000000316795,0.0,0.00032000781068702703
115,72.0,0.004734999999982392,0.0,0.00033336640839076465
116,21.0,0.001504999999951906,0.0,0.00013954531185479213
117,19.0,0.001362999999969361,0.0,-0.00010868903295791301
118,41.0,0.003023999999982152,0.0,0.0003351402980457289
119,34.0,0.0024319999999988795,0.0,0.00021434842182247002
120,12.0,0.0008510000000114815,0.0,8.288217063591918e-05
121,27.0,0.0018249999999397915,0.0,-0.045746262713219514
122,13.0,0.0009169999999585343,0.0,-7.356778921305848e-06
123,15.0,0.0010610000000497166,0.0,-3.67838946065287e-06
124,13.0,0.0009270000000469736,0.0,0.00014416455992646425
125,16.0,0.0011190000000169675,0.0,0.0002332169953033346
126,15.0,0.0010399999999890497,0.0,0.00022432230321584317
127,20.0,0.0014380000000073778,0.0,0.00015109321314212855
128,13.0,0.0009089999999787324,0.0,0.00027827203798596516
129,31.0,0.002166999999985819,0.0,-0.022873131356609757
130,18.0,0.001280000000065229,0.0,0.00019137617859253545
131,10.0,0.0007309999999733918,0.0,0.0001166084976516673
132,8.0,0.0006089999999403517,0.0,-0.00016151872739019152
133,11.0,0.0007590000000163855,0.0,-1.8391947303263807e-06
134,52.0,0.003409000000033302,0.0,0.00019959190884615767
135,14.0,0.0009469999999964784,0.0,0.0003325245034425323
136,5.0,0.00039100000003600144,0.0,0.00016626225172126615
137,9.0,0.0006349999999883948,0.0,0.0002459536383443632
138,4.0,0.0003209999999853608,0.0,0.00023927152896115276
139,16.0,0.001266999999984364,0.0,7.554660657106422e-05
140,45.0,0.002884999999992033,1.0,0.4999624397097304
141,19.0,0.0013730000000578002,0.0,0.00018581983309810574
142,12.0,0.0008269999999583888,0.0,0.00024636171864197585
143,35.0,0.002250000000003638,0.0,3.408986551137801e-05
144,19.0,0.0012710000000879518,0.0,1.7044932755689007e-05
145,27.0,0.001924000000030901,0.0,-0.25187341390692575
146,9.0,0.0006379999999808206,0.0,0.00014360458297920644
147,11.0,0.0008869999999205902,0.0,0.0002593342923408739
148,20.0,0.0017260000000760556,0.0,0.00012318085932098793
149,8.0,0.0006370000000970322,0.0,-6.983779894277327e-05
150,56.0,0.003819000000021333,0.0,-0.0059472329952942535
151,25.0,0.0019350000000031287,0.0,-0.0013339858469253191
152,9.0,0.0007299999999759166,0.0,0.0002656451849061712
153,26.0,0.0024620000000368236,0.0,0.0002739176309085213
154,33.0,0.004081000000041968,0.0,0.00018793357460633077
155,20.0,0.0025319999999737774,0.0,0.0001501096335560769
156,22.0,0.0022529999999960637,0.0,0.0002941600015814904
157,11.0,0.001301000000012209,0.0,-0.0015159697923432772
158,15.0,0.0014830000000074506,0.0,-0.00017472615099826114
159,10.0,0.0010209999999233332,0.0,0.0001369588154542606
160,23.0,0.002652000000011867,0.0,0.000181329862802296
161,8.0,0.0010310000000117725,0.0,0.0002727488890596772
162,27.0,0.002656000000001768,0.0,0.00010738309886571928
163,46.0,0.0037399999999934153,0.0,-3.491889947138669e-05
164,32.0,0.0023429999999962092,0.0,0.00018037027865775205
165,38.0,0.0027720000000499567,0.0,-0.0006958428986915296
166,12.0,0.000941000000011627,0.0,-0.0007579848961716386
167,8.0,0.0006309999999984939,0.0,0.000338672336242518
168,21.0,0.0015280000000075233,0.0,0.00027709740797420446
169,11.0,0.0008249999999634383,0.0,0.00016933616812125896
170,38.0,0.002651000000014392,0.0,-0.025688120090618598
171,6.0,0.0004930000000058499,0.0,0.00013854870398710218
172,6.0,0.0005109999999604042,0.0,6.927435199355109e-05
173,22.0,0.0015909999999621505,0.0,9.018513932887602e-05
174,49.0,0.003912000000013904,0.0,0.00019777949992364895
175,8.0,0.0011299999999891952,0.0,0.00041480201018766807
176,9.0,0.0007850000000644286,0.0,0.0002038644215329829
177,11.0,0.0008499999999003194,0.0,0.00012231821449249446
178,56.0,0.004081999999925756,0.0,-0.011392805077687602
179,24.0,0.002180000000066684,0.0,4.5092569664438066e-05
180,23.0,0.0016869999999471474,0.0,0.00014974743104282664
181,30.0,0.0021359999999504,0.0,-0.006531998349173763
182,8.0,0.0006630000000313885,0.0,0.00034921384790831834
183,48.0,0.0034910000000536456,0.0,0.0003583430911864908
184,4.0,0.00035500000001320586,0.0,0.0002822941570614771
185,18.0,0.0013480000000072323,0.0,-0.0001938192227800132
186,14.0,0.001044999999976426,0.0,0.00024145200045075615
187,34.0,0.0024070000000619984,0.0,-0.0002696576426192963
188,4.0,0.00035700000000815635,0.0,-0.00013482882130964814
189,41.0,0.0033320000000003347,0.0,-0.00034792144934576487
190,8.0,0.0006349999999883948,0.0,0.00017460692395415917
191,8.0,0.0006529999999429492,0.0,0.00024365920898403702
192,29.0,0.00240099999996346,0.0,-0.0056964025388438
193,31.0,0.002241000000026361,0.0,0.0002119455576502148
194,46.0,0.0032629999999471693,0.0,-0.0021750712713731095
195,31.0,0.002200000000016189,0.0,-0.0028482012694219
196,74.0,0.006795000000010987,0.0,-0.031124774178004286
197,36.0,0.003788999999983389,0.0,0.00029551016615231025
198,11.0,0.0015680000000202199,0.0,-0.0016151447589389041
199,45.0,0.005382999999937965,0.0,6.51745755063961e-05
200,47.0,0.0039420000000518485,0.0,-0.004424285522555229
201,49.0,0.0037740000000212603,0.0,-0.015562387089002145
202,48.0,0.0036400000000185173,0.0,5.537427806301897e-05
203,25.0,0.0019510000000764194,0.0,7.707104567626405e-05
204,14.0,0.0011930000000575092,0.0,-1.0026838275746671e-05
205,11.0,0.0008619999999837091,0.0,-5.013419137873281e-06
206,77.0,0.005450999999993655,0.0,-0.009229437090521042
207,61.0,0.004189999999994143,0.0,-0.01981245345153866
208,46.0,0.0036200000000690125,0.0,-0.11961634974138018
209,6.0,0.0008749999999508873,0.0,0.00014775508307615507
210,21.0,0.0016960000000381115,0.0,-0.0018487064675624543
211,56.0,0.004625000000032742,0.0,0.00017917154559324538
212,6.0,0.0005220000000463187,0.0,-0.00042756209309382587
213,12.0,0.000895000000014079,0.0,-0.00014580593416737122
214,6.0,0.0004940000000033251,0.0,-0.0009243532337812272
215,59.0,0.00427399999989575,0.0,-0.0009129941120262059
216,9.0,0.0007919999999330685,0.0,0.00019517408391528
217,9.0,0.0007850000000644286,0.0,-0.0015812917975014705
218,53.0,0.003754999999955544,0.0,-0.004080689279629772
219,47.0,0.0035860000000411674,0.0,3.853552283813208e-05
220,26.0,0.0018939999999929569,0.0,-0.0013516181488953866
221,129.0,0.009297000000060507,0.0,-0.0006758090744476933
222,15.0,0.00125100000002476,0.0,0.00026735408323686556
223,43.0,0.0030130000000099244,0.0,-0.0026765040624037364
224,8.0,0.0006370000000970322,0.0,-0.00013611432687912653
225,63.0,0.0045990000000983855,0.0,-0.00461471854526052
226,10.0,0.0008179999999811116,0.0,-0.0003726031409816554
227,11.0,0.0008249999999634383,0.0,-8.78371021063079e-05
228,51.0,0.0035359999999400316,0.0,-0.011414549988780342
229,15.0,0.0010919999999714491,0.0,-0.0017819757748275948
230,125.0,0.008399000000054002,0.0,-0.009015769052466918
231,35.0,0.0024019999999609354,0.0,-0.00570727499439017
232,9.0,0.0007620000000088112,0.0,-0.0017848752579777156
233,48.0,0.0033480000000736254,0.0,8.522466377844503e-06
234,31.0,0.002173999999968146,0.0,-0.7502956473392398
235,53.0,0.003575999999952728,0.0,-0.0054042817992721644
236,33.0,0.0021980000000212385,0.0,-0.0027021408996360822
237,6.0,0.0004339999999274369,0.0,0.0001650962510113622
238,49.0,0.0033570000000509026,0.0,-0.012650016518654031
239,5.0,0.0005219999999326319,0.0,-0.0017827302701637353
240,54.0,0.004949000000010528,0.0,-0.0003831371394504271
241,111.0,0.00825499999996282,0.0,-0.004507884526233459
242,85.0,0.0060789999999997235,1.0,0.6251290435244852
243,71.0,0.005033000000025822,0.0,-0.10596894382554871
244,25.0,0.001906999999960135,1.0,0.3125645217622426
245,52.0,0.0036320000000387154,0.0,-0.06712505704837528
246,8.0,0.0006559999999353749,0.0,-0.001092249090470129
247,58.0,0.004060999999978776,0.0,-0.000670509936794258
248,34.0,0.0024070000000619984,0.0,8.254812550568115e-05
249,17.0,0.0012490000000298096,0.0,-0.0020148419939275703
250,25.0,0.0019039999999677093,0.0,-0.0005403018355149571
251,45.0,0.0033259999999017964,0.0,4.1274062752840574e-05
252,41.0,0.003474999999980355,0.0,-0.006416861606604013
253,109.0,0.009506999999985055,1.0,0.1562822608811213
254,17.0,0.0012450000000399086,0.0,9.234086098291311e-05
255,10.0,0.0007630000000062864,0.0,-0.00019156856972521365
256,96.0,0.006620999999995547,0.0,-0.00021590273110037958
257,28.0,0.002358999999955813,0.0,0.000143349436378658
258,32.0,0.002341999999998734,0.0,-0.005321651808604624
259,59.0,0.0041629999999486245,0.0,-0.8321773701792247
260,41.0,0.002978000000098291,0.0,-0.41608868508961233
261,16.0,0.0011879999999564461,0.0,-0.00023503499788938014
262,36.0,0.0026990000000068903,0.0,-0.4920120425235981
263,37.0,0.0031769999999369247,0.0,0.00017616942002946629
264,65.0,0.004989999999907013,0.0,4.0914788869826526e-05
265,64.0,0.004553999999984626,0.0,-0.01335359208132222
266,41.0,0.0030309999999644788,0.0,-0.0008924376289888578
267,30.0,0.0026410000000396394,0.0,-0.0010584357946034975
268,31.0,0.0022940000000062355,0.0,-0.07874920845905152
269,21.0,0.0015489999999545034,0.0,-0.005115032018370441
270,21.0,0.0015260000000125729,0.0,-0.30943025839460636
271,74.0,0.005842000000029657,0.0,-0.24600602126179902
272,10.0,0.0007970000000341315,0.0,-6.373439578132012e-05
273,18.0,0.0013649999999643114,0.0,0.00021490579004597422
274,42.0,0.002981999999974505,0.0,8.958577279662269e-05
275,18.0,0.0013020000000096843,0.0,-0.008534233353724151
276,26.0,0.0018499999999903594,0.0,-0.005052782664176197
277,65.0,0.004470999999966807,0.0,0.00031004828452372397
278,6.0,0.0004870000000209984,0.0,-0.0042671166768620756
279,24.0,0.0017420000000356595,0.0,-0.06999173908648976
280,76.0,0.005403000000001157,0.0,-0.18770988690583834
281,11.0,0.0008320000000594518,0.0,-0.005241953290989681
282,25.0,0.0017670000000862274,0.0,-0.0026209766454948404
283,16.0,0.0011610000000246146,0.0,0.0002689099441355703
284,67.0,0.004425999999966734,0.0,-0.15625677436369548
285,82.0,0.005427999999938038,0.0,-0.0004462188144944289
286,28.0,0.0017560000000003129,0.0,-0.00010009375152657664
287,13.0,0.0008520000000089567,0.0,-0.0021335583384310378
288,38.0,0.0023479999999835854,0.0,4.479288639831129e-05
289,11.0,0.0007309999999733918,0.0,-0.00033397122532475383
290,59.0,0.003751999999963118,0.0,-0.1157282719034814
291,32.0,0.0022940000000062355,1.0,0.9111403797552929
292,29.0,0.002488999999968655,0.0,0.00010745289502298711
293,11.0,0.0010010000000875152,0.0,0.0003344054019404535
294,77.0,0.006865999999945416,0.0,-0.1121602654933976
295,16.0,0.0011799999999766442,0.0,-0.012771626632189465
296,61.0,0.00430000000005748,0.0,-0.09690864732590695
297,44.0,0.0031060000000024957,0.0,-0.5447066773164585
298,25.0,0.0019810000000006767,0.0,-0.0671735644539453
299,13.0,0.0009610000000748187,0.0,-0.08331968481559067
300,65.0,0.00446199999998953,0.0,-0.12014213096729566
301,69.0,0.005074999999919783,0.0,-0.0703308027045599
302,19.0,0.0013950000000022555,0.0,-0.012455674083962353
303,20.0,0.0015329999999948996,0.0,-0.00570551289777959
304,57.0,0.003914000000008855,0.0,-0.01666213855578866
305,58.0,0.003990999999928135,0.0,-0.017653798600206033
306,20.0,0.0014290000000301006,0.0,-3.4796138482860294e-06
307,13.0,0.0009420000000091022,0.0,-0.014528285273721697
308,32.0,0.00225799999998344,0.0,-0.05435500677419326
309,28.0,0.0019929999999703796,0.0,-0.002660825904302312
310,79.0,0.005259000000023661,0.0,-0.0006639544971621444
311,52.0,0.0035989999998946587,0.0,-0.044396183846741134
312,60.0,0.004579000000035194,0.0,-0.001330412952151156
313,27.0,0.001981999999998152,0.0,-0.005748962017541149
314,23.0,0.0016510000000380387,0.0,-0.013139878945404922
315,27.0,0.002169999999978245,0.0,-0.0062278370419811754
316,26.0,0.001965999999924861,0.0,-0.03730053800245171
317,29.0,0.0024319999999988795,0.0,-0.04845432366295347
318,37.0,0.0026159999999890715,0.0,-0.08806197109970453
319,24.0,0.001740000000040709,0.0,-0.002852756448889795
320,17.0,0.0013480000000072323,0.0,0.00018358043253155227
321,56.0,0.004007000000001426,0.0,-0.007498184712759863
322,60.0,0.004376999999976761,0.0,-0.035815665653771304
323,13.0,0.0009800000000268483,0.0,-0.00656993947270246
324,30.0,0.002123999999980697,0.0,-0.0006652064760755782
325,66.0,0.004581000000030144,0.0,-0.004185611657730866
326,44.0,0.0030389999999442807,0.0,-0.044030985549852256
327,64.0,0.004358000000024731,0.0,-0.23343560926183138
328,14.0,0.0010009999999738284,0.0,-0.01536083125057483
329,16.0,0.001146000000062486,0.0,0.00012340427305843516
330,9.0,0.0006670000000212895,0.0,0.0001653796101535066
331,12.0,0.0008300000000645014,0.0,-0.0039977185414418175
332,57.0,0.0035659999999779757,0.0,-0.00960743828742383
333,31.0,0.001958000000058746,0.0,-0.0032849697363512296
334,40.0,0.002503999999930784,0.0,0.00033217161925538116
335,40.0,0.0027240000000574582,0.0,0.00016608580962769058
336,37.0,0.0022940000000062355,0.0,-0.0013694812579879093
337,89.0,0.005850000000009459,0.0,3.903879534805459e-05
338,61.0,0.004840000000058353,0.0,-0.08332611712631179
339,117.0,0.007933999999977459,0.0,-0.00010795136555018985
340,43.0,0.0030259999999771026,0.0,-0.13395238330223333
341,8.0,0.0005909999999857973,0.0,-0.0006847406289939547
342,37.0,0.0024979999999459324,0.0,-0.11671780463091569
343,59.0,0.004470999999966807,0.0,-0.00034237031449697733
344,53.0,0.00368500000001859,0.0,-0.047465660083104266
345,22.0,0.0015789999999924476,0.0,-0.003770137563533624
346,15.0,0.0010949999999638749,0.0,-0.00017118515724848867
347,18.0,0.001310000000103173,0.0,-0.0014263782244448974
348,42.0,0.003040000000055443,0.0,-0.004803719143711915
349,54.0,0.0037079999999605207,0.0,-0.0016424848681756148
350,62.0,0.004228000000011889,0.0,-0.0517927150329262
351,118.0,0.008426999999983309,0.0,-0.0007131891122224487
352,23.0,0.0015829999999823485,0.0,-0.006401579725232347
353,51.0,0.003836000000092099,0.0,-0.06697619165111666
354,50.0,0.003589000000033593,0.0,-0.0029954961354037354
355,14.0,0.0010389999999915744,0.0,-0.0015588747186555526
356,51.0,0.0038080000000491054,0.0,-0.04485947966323886
357,34.0,0.002534999999966203,0.0,-0.0045014219482171994
358,41.0,0.0029299999999921056,0.0,2.0457394434913263e-05
359,15.0,0.0011120000000346408,0.0,-0.0038262649536478545
360,31.0,0.002192000000036387,0.0,-0.00033260323803778913
361,116.0,0.00830699999994522,1.0,0.9402058017104572
362,38.0,0.002681000000052336,0.0,-0.03987319324777283
363,26.0,0.0019059999999626598,0.0,0.00038492678389786633
364,97.0,0.007859000000053129,0.0,-4.960062295585564e-05
365,44.0,0.0032889999999952124,0.0,-2.480031147792782e-05
366,19.0,0.0015569999999343054,0.0,-0.005521405903857787
367,73.0,0.005591000000094937,0.0,-0.004299889257532592
368,62.0,0.004477999999949134,0.0,-0.019936596623886416
369,27.0,0.001986999999985528,0.0,-0.010763686707901402
370,59.0,0.004277000000001863,0.0,-0.07811868668911705
371,65.0,0.004697000000078333,0.0,-0.0258963575164631
372,64.0,0.004435000000057698,0.0,-0.010914588039360058
373,54.0,0.003860000000031505,0.0,-0.0022507109741085997
374,187.0,0.012906999999927393,0.0,-0.03163664495208889
375,27.0,0.0018969999999853826,0.0,-0.0027607029519288936
376,44.0,0.0028080000000727523,0.0,-0.5301739663388765
377,47.0,0.0030469999999240827,0.0,-0.007484323490428589
378,6.0,0.0004460000000108266,0.0,-0.0048297898009349825
379,26.0,0.0016159999998990315,0.0,0.00014763391772092832
380,51.0,0.003095000000030268,0.0,-0.0053818433539507
381,73.0,0.004788999999959742,1.0,0.7351898840246668
382,30.0,0.002304999999978463,0.0,-0.0022467215248687094
383,140.0,0.009912999999983185,0.0,-0.011823853349403512
384,9.0,0.0006369999999833453,0.0,-0.005457294019680029
385,11.0,0.0008960000000115542,0.0,-0.0013803514759644468
386,20.0,0.0015240000000176224,0.0,0.00027935210797615207
387,36.0,0.0025950000000420914,0.0,-0.02688542411644984
388,153.0,0.010024000000043998,0.0,-0.007674195741237404
389,27.0,0.0017560000000003129,0.0,-0.002079236945445882
390,70.0,0.00472700000000259,0.0,-0.5019212574263011
391,166.0,0.011462999999935164,0.0,-0.0027286470098400145
392,25.0,0.001856999999972686,0.0,-0.25096062871315056
393,68.0,0.004734999999982392,0.0,-0.12548031435657528
394,37.0,0.0024580000000469227,0.0,-0.006972343039000264
395,73.0,0.005002999999987878,0.0,-0.00128736865995944
396,31.0,0.00204899999994268,0.0,-0.0038370978706187024
397,38.0,0.002534999999966203,0.0,-0.19789239809752254
398,39.0,0.0025489999999308566,0.0,-0.0033660772236723934
399,31.0,0.0021550000000161162,0.0,-0.00269092167697535
400,10.0,0.000799000000029082,0.0,-0.0020565586774638424
401,12.0,0.0008929999999054417,0.0,-0.0001342596578582676
402,90.0,0.006037999999989552,0.0,-0.03905934334455852
403,32.0,0.0022759999999379943,0.0,-0.01003251003641683
404,23.0,0.00169000000005326,0.0,-0.002692178058238482
405,59.0,0.004305999999928645,0.0,-0.00034969389267849947
406,51.0,0.003504999999904612,0.0,-0.06274015717828764
407,21.0,0.0014920000000984146,0.0,-0.0010282793387319212
408,18.0,0.0013480000000072323,0.0,-0.018336510836651707
409,116.0,0.008690999999998894,1.0,0.9448616188358812
410,9.0,0.0008010000000240325,0.0,-0.005481267583169467
411,74.0,0.005315999999993437,0.0,-0.00017484694633924968
412,65.0,0.004654999999956999,0.0,-0.0010773960908178144
413,41.0,0.0031139999999822976,0.0,-0.0007641800829833247
414,36.0,0.0025870000000622895,0.0,0.00017930035949256936
415,34.0,0.0023739999999179418,0.0,-0.029060070094409675
416,67.0,0.004606999999964501,0.0,8.965017974628473e-05
417,39.0,0.0028140000000576038,0.0,-0.006089366070593002
418,131.0,0.008499999999912689,0.0,-0.003044683035296501
419,19.0,0.0012110000000120635,0.0,-0.0008514145586502484
420,96.0,0.0060290000000122745,0.0,-0.002908405484642516
421,60.0,0.0038749999999936335,0.0,-0.014219732538222384
422,7.0,0.0004910000000108994,0.0,-0.004857614711557495
423,64.0,0.003910000000018954,0.0,-0.0019185489353093512
424,19.0,0.0012080000000196378,0.0,4.482508987314231e-05
425,11.0,0.0007379999999557185,0.0,-0.00022918699824309976
426,52.0,0.003470999999990454,0.0,-0.0003820900414916623
427,16.0,0.0010640000000421423,0.0,-0.007336567580795364
428,23.0,0.0015339999999923748,0.0,-0.010751997869705824
429,44.0,0.0031379999999217034,0.0,-0.025903349706459543
430,9.0,0.0006140000000414148,0.0,-0.0006329090653282026
431,65.0,0.004554999999982101,0.0,-0.015719687729340508
432,154.0,0.011347999999998137,0.0,-0.01868155469800276
433,15.0,0.0010140000000546934,0.0,-0.0008073909837103338
434,38.0,0.0024319999999988795,0.0,-0.0022504025109219604
435,26.0,0.0016930000000456857,0.0,-0.002175016045501207
436,45.0,0.0034479999999348365,0.0,0.00037329380449296185
437,69.0,0.004838999999947191,0.0,-0.012951674853229771
438,39.0,0.002658999999994194,0.0,-0.0002100809492231806
439,24.0,0.0016490000000430882,0.0,-0.0027760637969266168
440,74.0,0.005408999999986008,0.0,-0.0035113532772818416
441,74.0,0.0050459999999930005,0.0,-0.003668283790397682
442,13.0,0.0009000000000014552,0.0,0.00020859657869788239
443,278.0,0.018054000000006454,0.0,-0.5278460577761644
444,61.0,0.004199999999968895,0.0,-0.0013880318984633086
445,33.0,0.002375000000029104,0.0,-0.033488095825558326
446,58.0,0.004606999999964501,0.0,-0.0010230983194316596
447,33.0,0.002479999999991378,0.0,-0.003813949667935891
448,22.0,0.0016249999999899956,0.0,-0.01166312126952614
449,25.0,0.0018489999999928841,0.0,-0.0010394961312479587
450,51.0,0.003633999999919979,0.0,-0.00590168984277876
451,21.0,0.0016120000000228174,0.0,-0.0004049690741845069
452,33.0,0.0023939999999811334,0.0,-0.0003164545326641013
453,20.0,0.001542999999969652,0.0,-0.00295084492138938
454,5.0,0.00047199999994518294,0.0,-0.0008732285397861745
455,91.0,0.006297000000017761,0.0,-0.01952967167227926
456,23.0,0.0016450000000531873,0.0,0.00010429828934894125
457,26.0,0.0018650000000661748,0.0,0.00013835041513693446
458,34.0,0.0023830000000089058,0.0,-0.006475837426614885
459,52.0,0.0036069999999881475,0.0,0.00028960436384030993
460,78.0,0.005292000000054031,0.0,-0.003209858724303327
461,36.0,0.002357999999958338,0.0,-0.003237918713307443
462,62.0,0.004537000000027547,0.0,-0.0001602315621670277
463,54.0,0.003444999999942411,0.0,-0.0022520565920175497
464,57.0,0.003588000000036118,0.0,-0.0005197480656239794
465,38.0,0.002484999999978754,0.0,-0.002520918068128613
466,45.0,0.002930999999989581,0.0,-8.011578108351391e-05
467,54.0,0.003400000000056025,0.0,-0.008467450614741615
468,110.0,0.006812999999965541,1.0,0.7363538383060229
469,27.0,0.0017730000000710788,0.0,-0.003824260701884027
470,55.0,0.0037829999999985375,0.0,-0.6320999480410937
471,38.0,0.003309000000058404,1.0,0.7150918978814107
472,9.0,0.0007379999999557185,0.0,-0.002940039028421529
473,18.0,0.0014830000000074506,0.0,-0.00044816216661123706
474,53.0,0.004396000000042477,0.0,-0.03137007858914381
475,11.0,0.0009039999999913562,0.0,-0.00022408108330561848
476,59.0,0.004324999999994361,0.0,-0.007859843864670254
477,40.0,0.002747999999996864,0.0,-0.00032039865420128435
478,54.0,0.003387999999972635,0.0,-0.6105686634992685
479,32.0,0.002038000000084139,0.0,-0.005403686143719947
480,13.0,0.0008719999999584616,0.0,-0.000782516862419515
481,21.0,0.0013569999999845095,0.0,-0.0026843202658824
482,19.0,0.0013880000000199288,0.0,-0.0003097213351370259
483,7.0,0.0006369999999833453,0.0,-0.004054459775230952
484,22.0,0.001442999999994754,0.0,-0.006978461021277952
485,17.0,0.0014200000000528235,0.0,-0.0031532599664699894
486,82.0,0.005544999999983702,0.0,-0.009764835836139631
487,9.0,0.0007130000000188375,0.0,-0.001727517317616823
488,57.0,0.003890000000069449,0.0,-0.007109866269111192
489,14.0,0.0011100000000396903,0.0,-0.0028118070045658806
490,70.0,0.004493000000024949,0.0,-0.0048824179180698155
491,56.0,0.003642000000013468,0.0,-0.04608460917077363
492,21.0,0.0013579999999819847,0.0,-0.002205465819286946
493,31.0,0.0019690000000309738,0.0,-0.016987770634962877
494,56.0,0.0037489999999706924,0.0,-0.30528433174963426
495,44.0,0.002999000000045271,1.0,0.8109709126851151
496,46.0,0.0037499999999681677,0.0,-0.08611068643088529
497,75.0,0.005373999999960688,0.0,-0.005095556224859516
498,46.0,0.0033889999999701104,0.0,-0.0005115491597158298
499,63.0,0.004388000000062675,1.0,0.53367465625047
500,11.0,0.0008149999999886859,0.0,-0.000255774579857915
501,69.0,0.00513300000000072,1.0,0.46964183546599614
502,14.0,0.0010640000000421423,0.0,-0.04287569541443995
503,39.0,0.0027800000000297587,0.0,-0.1285307460026799
504,83.0,0.005991999999992004,1.0,0.36822331717785306
505,37.0,0.002598000000034517,0.0,-0.0019916874393630943
506,16.0,0.001170999999999367,0.0,-0.000240661613473368
507,26.0,0.0019849999999905776,0.0,-0.00012033080673668395
508,27.0,0.001932000000010703,0.0,-0.016796044051672846
509,7.0,0.00068999999996322,0.0,-0.0008419386621848106
510,72.0,0.0052890000000616055,1.0,0.22494562786064654
511,93.0,0.006407999999964886,0.0,-0.019258089078455318
512,55.0,0.0038250000000061846,0.0,-0.01610365160115144
513,135.0,0.009145999999986998,1.0,0.15688872543497356
514,47.0,0.0032439999999951397,0.0,-0.0866633175064053
515,16.0,0.0011479999999437496,0.0,-0.027137892059601543
516,95.0,0.0060290000000122745,0.0,-0.42458227885758343
517,38.0,0.002923000000009779,0.0,-0.01266770765913611
518,61.0,0.004537000000027547,1.0,0.4616738945307819
519,53.0,0.0036479999999983193,1.0,0.37453523671687194
520,67.0,0.004512999999974454,1.0,0.3203481620678523
521,39.0,0.0029670000000123764,0.0,-0.043331658753202655
522,91.0,0.006255999999893902,0.0,-0.005593413046723168
523,14.0,0.0011259999999992942,0.0,-0.002547778112429758
524,30.0,0.0021889999999302745,0.0,-0.0013002367201222055
525,42.0,0.0030050000000301225,0.0,-0.008080960199513446
526,34.0,0.0023979999999710344,0.0,-0.02077286980764201
527,62.0,0.004191999999989093,0.0,-0.016314604457579825
528,74.0,0.004849999999919419,1.0,0.3024117023785058
529,63.0,0.004181999999900654,0.0,-0.010993051202079199
530,7.0,0.0005419999999958236,0.0,-0.019005348794510685
531,36.0,0.0024899999999661304,0.0,-0.05045736301181345
532,126.0,0.008597000000008848,1.0,0.44105289929935587
533,127.0,0.008591000000023996,0.0,-0.0042337253073708074
534,95.0,0.006540999999970154,1.0,0.2595396793683604
535,34.0,0.0022559999999884894,0.0,-0.002350266537136262
536,31.0,0.002191000000038912,1.0,0.21469440710724697
537,29.0,0.001860999999962587,0.0,-0.19930382068602437
538,55.0,0.003489000000058695,0.0,-0.005882295454198341
539,55.0,0.003482999999960157,0.0,-0.003929921932335126
540,158.0,0.010909999999967113,1.0,0.29633562114252143
541,48.0,0.0032300000000304863,0.0,-0.13168207294638157
542,55.0,0.00356299999998555,0.0,-0.03493614729066386
543,42.0,0.003015000000004875,0.0,-0.001467001547194886
544,37.0,0.002559000000019296,0.0,-0.001180770732474923
545,76.0,0.005610000000046966,1.0,0.14816781057126072
546,67.0,0.0044020000000273285,0.0,-0.1495579477719628
547,101.0,0.007175999999958549,0.0,-0.5757264669830858
548,28.0,0.001961000000051172,1.0,0.3368520802850019
549,38.0,0.0029579999999214124,0.0,-0.010156630050020283
550,18.0,0.0014340000000174769,0.0,0.00015441402021577249
551,35.0,0.0024460000000772197,0.0,-0.02127158649287763
552,65.0,0.004462999999987005,0.0,-0.4761440123287815
553,85.0,0.005745000000047185,0.0,-0.4575406132030407
554,30.0,0.00210299999992003,0.0,-0.401433743908065
555,23.0,0.0018330000000332802,0.0,-0.15264216587481713
556,84.0,0.0059699999999338615,1.0,0.5007299299834569
557,30.0,0.0021219999999857464,0.0,-0.01689311761544713
558,22.0,0.0015829999999823485,0.0,-0.006236421329902131
559,46.0,0.003241000000002714,0.0,-0.004027443639561724
560,46.0,0.0031249999999545253,0.0,-0.13128581494088656
561,18.0,0.0012360000000626314,0.0,-0.020798074845289984
562,78.0,0.005026000000043496,0.0,-0.09691101548140814
563,47.0,0.00292699999999968,0.0,-0.0711815340476609
564,44.0,0.0031679999999596475,0.0,-0.0007335007735974429
565,53.0,0.003398999999944863,1.0,0.4129808542744402
566,62.0,0.0042810000001054505,0.0,-0.042945067229483234
567,39.0,0.0028330000000096334,0.0,-0.0461729799758442
568,32.0,0.0023939999999811334,0.0,-0.01746807364533193
569,59.0,0.004117000000064763,1.0,0.2064904271372201
570,54.0,0.0037620000000515574,1.0,0.14812250509134595
571,24.0,0.0015950000000657383,0.0,-0.0230864899879221
572,16.0,0.0010800000000017462,0.0,-0.004944004599918262
573,42.0,0.003275000000030559,0.0,-0.005536184375829186
574,95.0,0.006793000000016036,1.0,0.21596775795818612
575,19.0,0.0013790000000426517,0.0,-0.002768092187914593
576,66.0,0.004500000000007276,0.0,-0.01154324499396105
577,58.0,0.004303999999933694,0.0,-0.0005903853662374614
578,94.0,0.006649000000038541,1.0,0.19503257757090586
579,20.0,0.0014539999999669817,0.0,-0.006762387798753729
580,59.0,0.0042600000000447835,0.0,-0.0235046210018813
581,32.0,0.0022529999999960637,1.0,0.09751628878545293
582,64.0,0.004369999999994434,1.0,0.04875814439272652
583,22.0,0.0015620000000353684,0.0,-0.005585784677517122
584,92.0,0.006470999999919513,1.0,0.29413587302187283
585,73.0,0.004801000000043132,0.0,-0.01175231050094065
586,67.0,0.005167000000028565,0.0,-0.00040369549185516687
587,74.0,0.005054999999970278,0.0,8.638048214465574e-05
588,43.0,0.0032099999999672946,1.0,0.5700403681853303
589,46.0,0.003680000000031214,0.0,-0.01962664719640898
590,28.0,0.001989999999977954,0.0,-0.00981332359820449
591,81.0,0.0056690000000116925,1.0,0.6102281023194368
592,13.0,0.0009979999999814027,0.0,-0.05903601118179448
593,31.0,0.002207999999995991,0.0,-0.005251340856548761
594,18.0,0.00135899999997946,0.0,-0.0026685653392822285
595,44.0,0.003238000000010288,1.0,0.30511405115971835
596,28.0,0.002082999999970525,0.0,-0.002532646471810224
597,81.0,0.005607000000054541,1.0,0.4865558128257421
598,54.0,0.0037489999999706924,0.0,-0.004906661799102244
599,64.0,0.004405000000019754,1.0,0.47412786653415695
600,75.0,0.00518499999998312,0.0,-0.048338753329872614
601,55.0,0.0037449999999807915,0.0,-0.0020264589962896377
602,29.0,0.0020110000000386208,0.0,-0.0013342826696411143
603,68.0,0.004294999999956417,1.0,0.23706393326707853
604,21.0,0.0014869999999973516,0.0,-0.001266323235905112
605,31.0,0.0019770000000107757,0.0,-0.035459277205744835
606,120.0,0.00744299999996656,0.0,-0.23401853543259601
607,42.0,0.0026410000000396394,1.0,0.1626449205030287
608,165.0,0.012192000000027292,1.0,0.40532059533622733
609,10.0,0.0007669999999961874,0.0,-0.023797737694543682
610,87.0,0.006971000000021377,1.0,0.2804780454377471
611,9.0,0.0006469999999580978,0.0,-0.0010132294981448188
612,27.0,0.0018059999999877618,0.0,-0.016793009991646308
613,56.0,0.004852000000028056,0.0,-0.0109399689145043
614,55.0,0.004045000000019172,0.0,-0.04319470811094058
615,32.0,0.002371000000039203,1.0,0.14023902271887356
616,39.0,0.0027460000000019136,0.0,-0.005469984457252149
617,43.0,0.004345999999941341,1.0,0.1166530879926313
618,51.0,0.0036239999999452266,1.0,0.05832654399631565
619,119.0,0.008505000000013752,0.0,-0.0787843123254923
620,58.0,0.004042000000026746,1.0,0.42662686506519254
621,87.0,0.007046999999943182,1.0,0.21331343253259627
622,59.0,0.004503999999997177,0.0,-0.05014024209806151
623,15.0,0.0011279999999942447,0.0,-0.0011027329096434729
624,86.0,0.006398999999987609,1.0,0.15136343265414953
625,56.0,0.003965999999991254,0.0,-0.03182743470584128
626,44.0,0.0031559999999899446,0.0,-0.01591371735292064
627,42.0,0.003078000000073189,0.0,-0.0034975241003643185
628,54.0,0.0042180000000371365,0.0,-0.00795685867646032
629,74.0,0.005223000000000866,1.0,0.07568171632707477
630,18.0,0.001360000000090622,0.0,-0.0017487620501821593
631,47.0,0.0037780000000111613,1.0,0.03784085816353744
632,45.0,0.00389400000005935,0.0,-0.6931737429856124
633,28.0,0.002303999999980988,0.0,-0.03099709009936346
634,78.0,0.0054219999999531865,0.0,-0.0003951902524812754
635,83.0,0.006093000000078064,0.0,-0.44565706584048276
636,26.0,0.002094999999940228,0.0,-0.21166358440981975
637,32.0,0.002499999999940883,0.0,-0.04378764138514255
638,19.0,0.0013820000000350774,0.0,-0.008446558807723567
639,93.0,0.0065789999999879,1.0,0.6201925093126128
640,45.0,0.0033310000000028595,0.0,-0.0008535944588508985
641,105.0,0.0074629999999160646,0.0,-0.011686868788644554
642,110.0,0.007441000000085296,0.0,-0.06170648254679722
643,54.0,0.0036979999999857682,0.0,-0.0033671777762136704
644,116.0,0.0072420000000192886,1.0,0.7199536510318861
645,57.0,0.003819000000021333,0.0,-0.015493564456342777
646,24.0,0.0015530000000580912,1.0,0.47884385796019724
647,50.0,0.0033149999999295687,0.0,-0.03462842643837367
648,64.0,0.004284000000097876,0.0,-0.017314213219186834
649,81.0,0.005306000000018685,0.0,-0.008657106609593417
650,68.0,0.00508399999989706,0.0,-0.009290508748852316
651,107.0,0.006935999999996056,0.0,-0.03865437155345864
652,36.0,0.002555000000029395,0.0,-0.028244154014232886
653,56.0,0.00414499999999407,1.0,0.23942192898009862
654,33.0,0.0023370000000113578,0.0,-0.006526189421964202
655,261.0,0.018155999999976302,1.0,0.30898467440840993
656,96.0,0.0070660000000088985,0.0,-0.006418777433387104
657,79.0,0.005395000000021355,1.0,0.3100612639746343
658,47.0,0.0032939999999825886,0.0,-0.011310626454489072
659,102.0,0.007091000000059466,0.0,-0.007746782228171389
660,31.0,0.002538999999956104,0.0,-0.0001965418021749885
661,36.0,0.0027489999999943393,0.0,-0.005655313227244535
662,22.0,0.001680999999962296,0.0,-0.026684204432787677
663,47.0,0.0036900000000059663,1.0,0.19731865258911774
664,24.0,0.0017669999999725405,0.0,-0.01932718577672932
665,28.0,0.0020039999999426072,0.0,-0.0005513664548217364
666,17.0,0.0012860000000500804,0.0,-0.002933582248521975
667,140.0,0.010216000000013992,0.0,-0.0026095406528262415
668,16.0,0.0012299999999640931,0.0,-0.0015177715462816911
669,17.0,0.0012329999999565189,0.0,-0.0028730478513647353
670,18.0,0.0013979999999946813,0.0,-0.001657763488739709
671,94.0,0.007251999999994041,0.0,-0.02159735405547029
672,166.0,0.011128999999982625,1.0,0.28383165440415425
673,78.0,0.0053010000000313084,1.0,0.3179534725312869
674,13.0,0.0009529999999813299,0.0,-0.002453330899551122
675,40.0,0.0027499999999918145,0.0,-0.008396504995823154
676,34.0,0.002314000000069427,1.0,0.20106745165352768
677,99.0,0.0062459999999191496,0.0,-0.07842462139980835
678,89.0,0.005559000000062042,1.0,0.1455465917365919
679,90.0,0.005618999999910557,0.0,-0.25236846585674905
680,17.0,0.0010979999999563006,0.0,-0.0006901757379822234
681,104.0,0.007149999999910506,0.0,-0.36979173580618513
682,55.0,0.00447600000006787,0.0,-0.02224788513541443
683,46.0,0.0034060000000408763,0.0,-0.12570607066186584
684,43.0,0.0030930000000353175,0.0,-0.06285303533093294
685,12.0,0.0008839999999281645,0.0,-0.001911570068217519
686,90.0,0.006225999999969645,1.0,0.07277329586829595
687,59.0,0.003834999999980937,0.0,-0.010798677027735145
688,31.0,0.001978000000008251,1.0,0.03638664793414792
689,198.0,0.013548000000014326,1.0,0.06732320996988661
690,72.0,0.004863000000000284,0.0,-1.4906165029381622e-05
691,16.0,0.0011299999999891952,0.0,-0.013342102216393838
692,50.0,0.003428999999982807,0.0,-0.1461033524865352
693,146.0,0.009197999999969397,0.0,-0.002580398848323088
694,19.0,0.0014340000000174769,0.0,-0.0014065654816099566
695,52.0,0.0038660000000163564,0.0,-0.6086472859345594
696,23.0,0.001826999999934742,0.0,-0.1035999558422986
697,54.0,0.003708999999957996,0.0,-0.0016473350726198743
698,81.0,0.005580000000009022,0.0,-0.07751379514252682
699,12.0,0.0009159999999610591,0.0,-0.001759223218618948
700,49.0,0.0035899999999173815,0.0,-0.301017294109204
701,39.0,0.003271000000040658,1.0,0.5982540653466215
702,56.0,0.0042889999999715656,0.0,-0.0014365239256823674
703,33.0,0.0024240000000190776,0.0,-0.0013047703264131207
704,79.0,0.006246000000032836,0.0,-0.004198252497911577
705,190.0,0.01315999999997075,0.0,-0.001226665449775561
706,91.0,0.006481000000007953,0.0,-0.0007932253874898426
707,67.0,0.004692999999974745,1.0,0.36753927377993745
708,63.0,0.005213000000026113,0.0,-0.0009397459826212153
709,114.0,0.00805800000000545,0.0,-0.0003966126937449213
710,39.0,0.0027089999999816428,0.0,-0.0038251562638938925
711,69.0,0.004973999999947409,0.0,-0.004076469017485464
712,13.0,0.0009769999999207357,0.0,-0.000869227007507942
713,152.0,0.010856999999987238,0.0,-0.015502459788048938
714,103.0,0.0076719999999568245,0.0,-0.0361035277038499
715,73.0,0.005129000000010819,1.0,0.18376963688996872
716,17.0,0.0013900000000148793,0.0,-0.0037263587178737873
717,45.0,0.0031339999999318024,0.0,-0.015039363790766553
718,16.0,0.001205000000027212,0.0,-0.0003826888708089876
719,87.0,0.006240999999931773,0.0,-0.06954915509121247
720,88.0,0.00627400000007583,0.0,-0.06156903691662079
721,108.0,0.0077810000000226864,1.0,0.5245369230194621
722,16.0,0.0011859999999614956,0.0,-0.04416971048090592
723,9.0,0.0007039999999278734,0.0,-0.006537184434183893
724,12.0,0.000887000000034277,0.0,-0.0032685922170919467
725,13.0,0.0009479999999939537,0.0,-0.009342861493369421
726,50.0,0.0036489999999957945,1.0,0.5321981092538197
727,23.0,0.0017260000000760556,0.0,-0.00019134443540449369
728,9.0,0.0008799999999382635,0.0,-0.011123942567707216
729,25.0,0.001882000000023254,0.0,-0.03477457754560623
730,50.0,0.003436999999962609,1.0,0.26609905462690986
731,120.0,0.008191000000010717,1.0,0.13304952731345487
732,52.0,0.004172999999923377,1.0,0.2292311935231346
733,36.0,0.002513000000021748,0.0,-0.10583179220490989
734,26.0,0.0018350000000282307,0.0,-9.567221770224684e-05
735,39.0,0.0027970000001005246,0.0,-4.783610885112342e-05
736,66.0,0.0044889999999213615,1.0,0.15892436912465535
737,12.0,0.0009149999999635838,0.0,0.00017182907471731564
738,36.0,0.002634999999941101,1.0,0.3491722838951521
739,33.0,0.00241300000004685,0.0,-0.03621630353707135
740,92.0,0.006311999999979889,1.0,0.17458614194757605
741,35.0,0.0024059999999508364,0.0,-0.03941134618486519
742,24.0,0.0015630000000328437,0.0,-0.0197056730924326
743,129.0,0.009005999999999403,0.0,-0.013422511817356809
744,85.0,0.005789000000049782,1.0,0.3413643808465352
745,145.0,0.009390000000053078,1.0,0.3680493764813564
746,125.0,0.008098000000018146,0.0,-0.002740627601509805
747,115.0,0.0074169999999185166,1.0,0.1840246882406782
748,26.0,0.0019710000000259242,0.0,-0.0003429817170855603
749,49.0,0.0034769999999753054,0.0,4.363997545942151e-05
750,12.0,0.0009230000000570726,0.0,-0.0013703138007549027
751,99.0,0.006837000000018634,1.0,0.4457741669950396
752,173.0,0.011340999999902124,1.0,0.2987327196487861
753,88.0,0.005721999999991567,0.0,-0.011236334684165227
754,71.0,0.005160000000046239,1.0,0.19193759403433974
755,38.0,0.00324599999999009,1.0,0.26854609578286737
756,73.0,0.0050079999999752545,1.0,0.29020664685841013
757,10.0,0.0007710000000997752,0.0,0.00010576640031001981
758,27.0,0.0019919999999729043,0.0,-0.000260382694968077
759,88.0,0.006650000000036016,0.0,-0.0303587357391303
760,21.0,0.0015359999999873253,0.0,-0.00010467583992040865
761,88.0,0.006060000000047694,0.0,-0.015179367869565152
762,41.0,0.0028449999999793363,0.0,-0.0001301913474840385
763,53.0,0.004357000000027256,0.0,-0.007589683934782576
764,171.0,0.012316000000055283,0.0,-0.11700926771629802
765,16.0,0.0011729999999943175,0.0,0.00013706396882131407
766,33.0,0.002296000000001186,0.0,-5.2337919960204326e-05
767,158.0,0.01062099999990096,0.0,-0.22109432638578538
768,28.0,0.0019090000000687724,0.0,4.210913058235897e-05
769,36.0,0.0026629999999840948,0.0,-0.014828168324981069
770,37.0,0.002617999999984022,0.0,-0.0074140841624905345
771,14.0,0.0010209999999233332,0.0,-0.0037070420812452673
772,56.0,0.003973000000087268,0.0,-0.006651308004502508
773,59.0,0.004057000000102562,0.0,-0.010519544911460706
774,54.0,0.0035480000000234213,1.0,0.4689131282436221
775,145.0,0.0092659999999114,0.0,-0.3176723753586178
776,10.0,0.0007840000000669534,0.0,6.49695707554003e-05
777,12.0,0.0008119999999962602,0.0,-0.023103835920298865
778,72.0,0.004494999999906213,0.0,-0.4051415732084448
779,19.0,0.0012370000000601067,0.0,-0.013633875768906671
780,17.0,0.0010849999999891224,0.0,-0.0006573048447992813
781,38.0,0.002330000000029031,0.0,-0.005259772455730353
782,12.0,0.0007849999999507418,0.0,-0.011551917960149432
783,11.0,0.0007320000000845539,0.0,6.853198441065698e-05
784,129.0,0.009284000000093329,0.0,-0.023949385923958545
785,56.0,0.003840000000082,0.0,-0.02208485524045296
786,71.0,0.005176000000005843,0.0,-0.12099449679836942
787,77.0,0.005498999999986154,1.0,0.43509839934908345
788,8.0,0.0005830000000059954,0.0,-0.0005263332158838573
789,16.0,0.001063000000044667,0.0,-0.011833642077277266
790,21.0,0.0014610000000629952,0.0,-0.011942102583907944
791,43.0,0.002888999999981934,0.0,-0.005971051291953972
792,9.0,0.0006599999999252759,0.0,-6.5485814457712e-05
793,88.0,0.005955999999969208,0.0,-0.003069539358759832
794,18.0,0.0012600000000020373,0.0,-0.002985525645976986
795,27.0,0.0018019999999978609,0.0,-0.0014927628229884932
796,6.0,0.00045799999998052954,0.0,-0.005056761240368181
797,37.0,0.0024059999999508364,1.0,0.21754919967454178
798,27.0,0.0017679999999700158,0.0,-0.0087301200334173
799,14.0,0.0009549999999762804,0.0,-0.005114840270024295
800,39.0,0.0027999999999792635,0.0,-0.0038047716111997915
801,67.0,0.00486799999998766,0.0,-0.00073993642314669
802,35.0,0.0023569999999608626,0.0,-0.002116532199230934
803,41.0,0.0027489999999943393,1.0,0.10877459983727089
804,59.0,0.004157999999961248,1.0,0.054387299918635446
805,94.0,0.007137999999940803,0.0,-0.0001337677359502012
806,38.0,0.0026530000000093423,0.0,-0.0005608140512530535
807,33.0,0.0023099999999658394,0.0,-0.007519681895383276
808,71.0,0.0050420000000030996,0.0,-0.005636730382741042
809,14.0,0.0010570000000598156,0.0,-0.0033641572538327686
810,47.0,0.0034190000000080545,0.0,-0.005561971283853607
811,78.0,0.005640999999968699,1.0,0.3835804891691872
812,17.0,0.0013860000000249784,0.0,-8.272623214231002e-05
813,36.0,0.002548000000047068,0.0,-0.0021790140686045742
814,20.0,0.0018099999999776628,0.0,-0.0028952324589290373
815,182.0,0.012881000000106724,1.0,0.32673759710317607
816,177.0,0.011929000000009182,1.0,0.16336879855158803
817,48.0,0.0032759999999143474,0.0,-0.015580351409877994
818,85.0,0.005755000000021937,0.0,-0.0641023303772923
819,51.0,0.003467999999998028,0.0,-0.0016773087584944567
820,55.0,0.0036999999999807187,0.0,-0.0026638351392882023
821,102.0,0.006642000000056214,0.0,9.852255637856917e-05
822,97.0,0.00628099999994447,0.0,-0.018172821823230816
823,4.0,0.00032799999996768747,0.0,-0.0003450878689911117
824,8.0,0.0005750000000261934,0.0,-0.0002585214502390512
825,50.0,0.003313000000048305,0.0,-0.004003751347742742
826,50.0,0.003438000000073771,0.0,-0.002001875673871371
827,23.0,0.0016630000000077416,0.0,-0.011974692961979274
828,55.0,0.004099999999993997,0.0,-0.001534769679379916
829,90.0,0.006322999999952117,0.0,-0.0008386543792472282
830,22.0,0.001772999999957392,0.0,-0.00023904390955537165
831,59.0,0.004759000000035485,0.0,-0.003276259940522185
832,109.0,0.007632999999941603,0.0,-0.0013329154452666545
833,5.0,0.00042100000007394556,0.0,-0.000190586790888695
834,62.0,0.004187999999999192,0.0,-0.004955263329492646
835,31.0,0.002166999999985819,1.0,0.3963948946555209
836,67.0,0.004415999999991982,1.0,0.2383271271625389
837,25.0,0.0016239999999925203,0.0,-0.00522274348646113
838,103.0,0.006768000000079155,0.0,-0.0048692935462466246
839,40.0,0.0027870000000120854,0.0,-0.01805176385192495
840,68.0,0.004689999999982319,0.0,-0.0024346467731233123
841,75.0,0.005308000000013635,0.0,-0.0019508885791133415
842,143.0,0.010382999999933418,0.0,-0.0009099137684661457
843,71.0,0.004932999999937238,1.0,0.11916356358126945
844,101.0,0.007486000000085369,1.0,0.05958178179063478
845,16.0,0.0012449999999262218,0.0,4.122931292480699e-05
846,14.0,0.0010620000000471919,0.0,-0.007561250588273832
847,12.0,0.0008930000000191285,0.0,-0.00018407943573038653
848,47.0,0.003262000000063381,0.0,-0.0014799332526295435
849,69.0,0.0053679999999758365,0.0,-9.227171454600987e-05
850,132.0,0.00906699999995908,1.0,0.18261015773553457
851,25.0,0.0020549999999275315,0.0,-0.003279220236522276
852,8.0,0.0006540000000541113,0.0,7.815883870653081e-05
853,94.0,0.006572000000005573,0.0,-0.0020125894671690027
854,121.0,0.007875000000012733,1.0,0.13677937712554533
855,101.0,0.006553000000053544,0.0,-0.0010062947335845013
856,129.0,0.008882999999968888,0.0,-0.0018263790137528824
857,28.0,0.0019260000000258515,0.0,3.907941935326535e-05
858,75.0,0.005530000000021573,1.0,0.5480990738021321
859,17.0,0.0012429999999312713,0.0,-0.0001292607251195256
860,9.0,0.0006769999999960419,0.0,-9.827090108749425e-05
861,11.0,0.0007779999999684151,0.0,-9.52933954443475e-05
862,97.0,0.0063760000000456785,0.0,-0.0010805498548606784
863,51.0,0.0037379999999984648,1.0,0.4088555443378261
864,27.0,0.0019129999999449865,0.0,4.926127818928453e-05
865,110.0,0.00766800000008061,1.0,0.433285769927797
866,31.0,0.002345999999988635,0.0,-0.003327173256848449
867,27.0,0.001898999999980333,0.0,6.572676866485562e-05
868,12.0,0.0009610000000748187,0.0,1.953970967663273e-05
869,92.0,0.006503000000066095,0.0,-0.0016635866284242244
870,63.0,0.004286999999976615,1.0,0.4214649565840518
871,99.0,0.00655800000004092,0.0,-0.00019687669078972427
872,29.0,0.0020389999999679276,1.0,0.5125476923472884
873,59.0,0.003995999999915512,1.0,0.25627384617364424
874,71.0,0.005083000000013271,0.0,9.044384169691535e-05
875,59.0,0.004110999999966225,1.0,0.29029630268487505
876,131.0,0.009056999999984328,0.0,-0.0016054128476573164
877,90.0,0.006281999999941945,0.0,-0.0008027064238286582
878,58.0,0.004082999999923231,1.0,0.49679415975325925
879,20.0,0.0014500000000907676,0.0,-0.0008317933142121123
880,146.0,0.01021000000002914,1.0,0.24839707987662962
881,10.0,0.0007900000000518048,0.0,-0.0005939222931135732
882,77.0,0.005314999999995962,0.0,-0.0005402749274303391
883,68.0,0.005174000000010892,0.0,-9.843834539486208e-05
884,47.0,0.003424999999992906,1.0,0.12419853993831476
885,122.0,0.008531000000061795,0.0,-0.0002701374637151696
886,68.0,0.004661999999939326,0.0,-0.0005031473667922507
887,21.0,0.001450999999974556,0.0,-0.0006851569003774512
888,58.0,0.003990000000044347,0.0,-0.00052635753574114
889,227.0,0.014420999999970263,1.0,0.5324291761834478
890,60.0,0.0036539999999831707,1.0,0.3029434108883041
891,131.0,0.00790699999993194,1.0,0.43540151842022456
892,60.0,0.004010999999991327,0.0,7.064929171471987e-05
893,38.0,0.0027410000000145374,0.0,-0.0002721437219867154
894,97.0,0.007537000000070293,0.0,-0.0006523851632065605
895,87.0,0.00611900000001242,1.0,0.2568552734507731
896,51.0,0.003441999999949985,1.0,0.12842763672538648
897,52.0,0.0036239999999452266,1.0,0.23486332538370835
898,100.0,0.006613000000015745,1.0,0.11743166269185412
899,68.0,0.005055999999967753,0.0,-0.00040135321191432904
900,68.0,0.0047240000000101645,1.0,0.462088865873998
901,47.0,0.0031009999999014326,1.0,0.23104443293699894
902,72.0,0.0046360000000049695,1.0,0.11552221646849947
903,30.0,0.0019669999999223364,1.0,0.1049126050237037
904,6.0,0.00044900000000325235,0.0,-0.0016769756038468907
905,11.0,0.0007930000000442305,0.0,-0.0008384878019234454
906,119.0,0.007453999999938787,1.0,0.05245630251185185
907,45.0,0.00301600000000235,1.0,0.07495629589429598
908,43.0,0.0029060000000526998,1.0,0.15696979892778906
909,24.0,0.0016470000000481377,1.0,0.07848489946389448
910,88.0,0.0060320000000047,0.0,-0.00037191308150647483
911,105.0,0.007450999999946362,0.0,-0.0034447324477672034
912,48.0,0.0035139999999955762,1.0,0.29657392841273744
913,57.0,0.004209000000059859,1.0,0.3202716702493049
914,69.0,0.004818999999997686,0.0,-0.0042074161611219294
915,41.0,0.002905999999939013,0.0,-0.008707081647495896
916,76.0,0.005533000000013999,0.0,0.00023030549258853635
917,63.0,0.004433999999946536,1.0,0.16013583512465246
918,72.0,0.0049670000000787695,1.0,0.27539744008998257
919,64.0,0.004451000000017302,1.0,0.3192981354481885
920,51.0,0.0037459999999782667,1.0,0.15964906772409426
921,85.0,0.005758000000014363,1.0,0.3383606592954971
922,29.0,0.0020459999999502543,1.0,0.16918032964774854
923,50.0,0.0034389999999575593,0.0,-0.022698786760764252
924,152.0,0.010092999999983476,0.0,-0.02160216394407849
925,66.0,0.004140000000006694,1.0,0.4895800336772893
926,101.0,0.006798000000003412,0.0,-0.35943359338493913
927,33.0,0.002090999999950327,1.0,0.411545136837723
928,42.0,0.003150000000005093,1.0,0.2057725684188615
929,62.0,0.004650999999967098,1.0,0.10288628420943069
930,37.0,0.00250200000004952,1.0,0.051443142104715345
931,38.0,0.002601000000026943,1.0,0.07447504470090616
932,40.0,0.003007000000025073,0.0,-0.01651288451011723
933,41.0,0.002930999999989581,1.0,0.03723752235045308
934,94.0,0.006224000000088381,0.0,-0.003244551737514522
935,46.0,0.00292699999999968,1.0,0.11438055875291642
936,80.0,0.005361999999990985,0.0,7.474939485242e-05
937,32.0,0.002113000000008469,0.0,-0.013509842995988728
938,54.0,0.0036910000000034415,0.0,-0.006754921497994363
939,128.0,0.00938199999995959,1.0,0.057190279376458264
940,18.0,0.0011989999999286738,0.0,-0.008398786058221315
941,64.0,0.0043389999999590145,1.0,0.028595139688229132
942,75.0,0.004929999999944812,1.0,0.2010227968936642
943,62.0,0.004069999999956053,1.0,0.1005113984468321
944,30.0,0.002107999999907406,0.0,-0.004199393029110657
945,22.0,0.0016579999999066786,0.0,-0.006530887634846186
946,55.0,0.003872000000001208,1.0,0.0977824664634116
947,25.0,0.0018420000000105574,0.0,-0.0032654438174230934
948,24.0,0.002073999999993248,0.0,-0.0016327219087115467
949,89.0,0.006269000000088454,0.0,-0.008991604879289627
950,35.0,0.0027330000000347354,0.0,-0.004495802439644813
951,25.0,0.0018279999999322172,0.0,-0.013295475093891881
952,57.0,0.0039420000000518485,1.0,0.28287727800573803
953,34.0,0.0022769999999354695,0.0,-0.0028393242883472712
954,74.0,0.004864999999995234,0.0,-0.27397119589811014
955,40.0,0.002797999999984313,1.0,0.18440625925389198
956,100.0,0.007042999999953281,0.0,-0.009196593407381918
957,43.0,0.003022999999984677,1.0,0.09220312962694599
958,35.0,0.0025409999999510546,1.0,0.20043600126800332
959,79.0,0.00552499999992051,1.0,0.10021800063400166
960,55.0,0.0036069999999881475,1.0,0.05010900031700083
961,69.0,0.0044889999999213615,0.0,-0.005598105105303343
962,86.0,0.005341999999927793,1.0,0.16421892472722144
963,79.0,0.0057150000000092405,0.0,-0.004598296703690958
964,79.0,0.005581000000006497,1.0,0.08210946236361072
965,46.0,0.003375000000005457,1.0,0.04105473118180536
966,83.0,0.005163999999922453,1.0,0.2842725294416195
967,117.0,0.007841000000098575,1.0,0.14213626472080976
968,36.0,0.003323999999906846,0.0,-0.005874812942579769
969,78.0,0.0054179999999632855,0.0,-0.005289921813595581
970,59.0,0.0043480000000499786,0.0,-0.013454080268515328
971,29.0,0.001912000000061198,0.0,-0.021002433546965803
972,133.0,0.008510000000001128,1.0,0.07106813236040488
973,107.0,0.007324000000039632,0.0,-0.02016115841408689
974,67.0,0.004665000000045438,1.0,0.035534066180202384
975,39.0,0.002672999999958847,0.0,-0.015587239998105278
976,165.0,0.011274999999955071,1.0,0.329174142760136
977,25.0,0.0018249999999397915,0.0,-0.009723068868337785
978,42.0,0.0029710000000022774,0.0,-0.004861534434168892
979,45.0,0.003054000000020096,1.0,0.164587071380068
980,75.0,0.004986000000030799,1.0,0.2526690828764331
981,32.0,0.0020759999999881984,0.0,-0.002644960906797791
982,32.0,0.0020400000000790897,0.0,-0.007793619999052639
983,9.0,0.0006290000000035434,0.0,-0.0004192439009617227
984,52.0,0.0032589999999572683,1.0,0.12633454143821654
985,22.0,0.0014159999999492356,0.0,-0.007133396702820225
986,34.0,0.0023780000000215296,0.0,-0.0013224804533988953
987,41.0,0.0030500000000301952,1.0,0.06316727071910822
988,49.0,0.003375000000005457,1.0,0.12608135770427198
989,75.0,0.0050710000000435684,1.0,0.2628312776516051
990,161.0,0.011211000000002969,1.0,0.3012140996522603
991,101.0,0.0070580000000290966,0.0,-0.0006612402266994475
992,78.0,0.005072000000041044,1.0,0.34078193645984767
993,31.0,0.0021150000000034197,1.0,0.17039096822992383
994,137.0,0.009488000000033026,0.0,-0.027945640159329873
995,106.0,0.007109000000014021,1.0,0.21578230084689243
996,27.0,0.0019409999999879801,1.0,0.10789115042344621
997,175.0,0.011794000000008964,0.0,-0.017685408817493812
998,7.0,0.0005590000000665896,0.0,-0.010328830326435045
999,93.0,0.00588900000002468,1.0,0.2610573263624739
1000,0.0,0.0,0.0,0.0
1001,0.0,0.0,0.0,0.0
1002,0.0,0.0,0.0,0.0
1003,0.0,0.0,0.0,0.0
1004,0.0,0.0,0.0,0.0
1005,0.0,0.0,0.0,0.0
1006,0.0,0.0,0.0,0.0
1007,0.0,0.0,0.0,0.0
1008,0.0,0.0,0.0,0.0
1009,0.0,0.0,0.0,0.0
1010,0.0,0.0,0.0,0.0
1011,0.0,0.0,0.0,0.0
1012,0.0,0.0,0.0,0.0
1013,0.0,0.0,0.0,0.0
1014,0.0,0.0,0.0,0.0
1015,0.0,0.0,0.0,0.0
1016,0.0,0.0,0.0,0.0
1017,0.0,0.0,0.0,0.0
1018,0.0,0.0,0.0,0.0
1019,0.0,0.0,0.0,0.0
1020,0.0,0.0,0.0,0.0
1021,0.0,0.0,0.0,0.0
1022,0.0,0.0,0.0,0.0
1023,0.0,0.0,0.0,0.0
1024,0.0,0.0,0.0,0.0
1025,0.0,0.0,0.0,0.0
1026,0.0,0.0,0.0,0.0
1027,0.0,0.0,0.0,0.0
1028,0.0,0.0,0.0,0.0
1029,0.0,0.0,0.0,0.0
1030,0.0,0.0,0.0,0.0
1031,0.0,0.0,0.0,0.0
1032,0.0,0.0,0.0,0.0
1033,0.0,0.0,0.0,0.0
1034,0.0,0.0,0.0,0.0
1035,0.0,0.0,0.0,0.0
1036,0.0,0.0,0.0,0.0
1037,0.0,0.0,0.0,0.0
1038,0.0,0.0,0.0,0.0
1039,0.0,0.0,0.0,0.0
1040,0.0,0.0,0.0,0.0
1041,0.0,0.0,0.0,0.0
1042,0.0,0.0,0.0,0.0
1043,0.0,0.0,0.0,0.0
1044,0.0,0.0,0.0,0.0
1045,0.0,0.0,0.0,0.0
1046,0.0,0.0,0.0,0.0
1047,0.0,0.0,0.0,0.0
1048,0.0,0.0,0.0,0.0
1049,0.0,0.0,0.0,0.0
1050,0.0,0.0,0.0,0.0
1051,0.0,0.0,0.0,0.0
1052,0.0,0.0,0.0,0.0
1053,0.0,0.0,0.0,0.0
1054,0.0,0.0,0.0,0.0
1055,0.0,0.0,0.0,0.0
1056,0.0,0.0,0.0,0.0
1057,0.0,0.0,0.0,0.0
1058,0.0,0.0,0.0,0.0
1059,0.0,0.0,0.0,0.0
1060,0.0,0.0,0.0,0.0
1061,0.0,0.0,0.0,0.0
1062,0.0,0.0,0.0,0.0
1063,0.0,0.0,0.0,0.0
1064,0.0,0.0,0.0,0.0
1065,0.0,0.0,0.0,0.0
1066,0.0,0.0,0.0,0.0
1067,0.0,0.0,0.0,0.0
1068,0.0,0.0,0.0,0.0
1069,0.0,0.0,0.0,0.0
1070,0.0,0.0,0.0,0.0
1071,0.0,0.0,0.0,0.0
1072,0.0,0.0,0.0,0.0
1073,0.0,0.0,0.0,0.0
1074,0.0,0.0,0.0,0.0
1075,0.0,0.0,0.0,0.0
1076,0.0,0.0,0.0,0.0
1077,0.0,0.0,0.0,0.0
1078,0.0,0.0,0.0,0.0
1079,0.0,0.0,0.0,0.0
1080,0.0,0.0,0.0,0.0
1081,0.0,0.0,0.0,0.0
1082,0.0,0.0,0.0,0.0
1083,0.0,0.0,0.0,0.0
1084,0.0,0.0,0.0,0.0
1085,0.0,0.0,0.0,0.0
1086,0.0,0.0,0.0,0.0
1087,0.0,0.0,0.0,0.0
1088,0.0,0.0,0.0,0.0
1089,0.0,0.0,0.0,0.0
1090,0.0,0.0,0.0,0.0
1091,0.0,0.0,0.0,0.0
1092,0.0,0.0,0.0,0.0
1093,0.0,0.0,0.0,0.0
1094,0.0,0.0,0.0,0.0
1095,0.0,0.0,0.0,0.0
1096,0.0,0.0,0.0,0.0
1097,0.0,0.0,0.0,0.0
1098,0.0,0.0,0.0,0.0
1099,0.0,0.0,0.0,0.0
1100,0.0,0.0,0.0,0.0
1101,0.0,0.0,0.0,0.0
1102,0.0,0.0,0.0,0.0
1103,0.0,0.0,0.0,0.0
1104,0.0,0.0,0.0,0.0
1105,0.0,0.0,0.0,0.0
1106,0.0,0.0,0.0,0.0
1107,0.0,0.0,0.0,0.0
1108,0.0,0.0,0.0,0.0
1109,0.0,0.0,0.0,0.0
1110,0.0,0.0,0.0,0.0
1111,0.0,0.0,0.0,0.0
1112,0.0,0.0,0.0,0.0
1113,0.0,0.0,0.0,0.0
1114,0.0,0.0,0.0,0.0
1115,0.0,0.0,0.0,0.0
1116,0.0,0.0,0.0,0.0
1117,0.0,0.0,0.0,0.0
1118,0.0,0.0,0.0,0.0
1119,0.0,0.0,0.0,0.0
1120,0.0,0.0,0.0,0.0
1121,0.0,0.0,0.0,0.0
1122,0.0,0.0,0.0,0.0
1123,0.0,0.0,0.0,0.0
1124,0.0,0.0,0.0,0.0
1125,0.0,0.0,0.0,0.0
1126,0.0,0.0,0.0,0.0
1127,0.0,0.0,0.0,0.0
1128,0.0,0.0,0.0,0.0
1129,0.0,0.0,0.0,0.0
1130,0.0,0.0,0.0,0.0
1131,0.0,0.0,0.0,0.0
1132,0.0,0.0,0.0,0.0
1133,0.0,0.0,0.0,0.0
1134,0.0,0.0,0.0,0.0
1135,0.0,0.0,0.0,0.0
1136,0.0,0.0,0.0,0.0
1137,0.0,0.0,0.0,0.0
1138,0.0,0.0,0.0,0.0
1139,0.0,0.0,0.0,0.0
1140,0.0,0.0,0.0,0.0
1141,0.0,0.0,0.0,0.0
1142,0.0,0.0,0.0,0.0
1143,0.0,0.0,0.0,0.0
1144,0.0,0.0,0.0,0.0
1145,0.0,0.0,0.0,0.0
1146,0.0,0.0,0.0,0.0
1147,0.0,0.0,0.0,0.0
1148,0.0,0.0,0.0,0.0
1149,0.0,0.0,0.0,0.0
1150,0.0,0.0,0.0,0.0
1151,0.0,0.0,0.0,0.0
1152,0.0,0.0,0.0,0.0
1153,0.0,0.0,0.0,0.0
1154,0.0,0.0,0.0,0.0
1155,0.0,0.0,0.0,0.0
1156,0.0,0.0,0.0,0.0
1157,0.0,0.0,0.0,0.0
1158,0.0,0.0,0.0,0.0
1159,0.0,0.0,0.0,0.0
1160,0.0,0.0,0.0,0.0
1161,0.0,0.0,0.0,0.0
1162,0.0,0.0,0.0,0.0
1163,0.0,0.0,0.0,0.0
1164,0.0,0.0,0.0,0.0
1165,0.0,0.0,0.0,0.0
1166,0.0,0.0,0.0,0.0
1167,0.0,0.0,0.0,0.0
1168,0.0,0.0,0.0,0.0
1169,0.0,0.0,0.0,0.0
1170,0.0,0.0,0.0,0.0
1171,0.0,0.0,0.0,0.0
1172,0.0,0.0,0.0,0.0
1173,0.0,0.0,0.0,0.0
1174,0.0,0.0,0.0,0.0
1175,0.0,0.0,0.0,0.0
1176,0.0,0.0,0.0,0.0
1177,0.0,0.0,0.0,0.0
1178,0.0,0.0,0.0,0.0
1179,0.0,0.0,0.0,0.0
1180,0.0,0.0,0.0,0.0
1181,0.0,0.0,0.0,0.0
1182,0.0,0.0,0.0,0.0
1183,0.0,0.0,0.0,0.0
1184,0.0,0.0,0.0,0.0
1185,0.0,0.0,0.0,0.0
1186,0.0,0.0,0.0,0.0
1187,0.0,0.0,0.0,0.0
1188,0.0,0.0,0.0,0.0
1189,0.0,0.0,0.0,0.0
1190,0.0,0.0,0.0,0.0
1191,0.0,0.0,0.0,0.0
1192,0.0,0.0,0.0,0.0
1193,0.0,0.0,0.0,0.0
1194,0.0,0.0,0.0,0.0
1195,0.0,0.0,0.0,0.0
1196,0.0,0.0,0.0,0.0
1197,0.0,0.0,0.0,0.0
1198,0.0,0.0,0.0,0.0
1199,0.0,0.0,0.0,0.0
1200,0.0,0.0,0.0,0.0
1201,0.0,0.0,0.0,0.0
1202,0.0,0.0,0.0,0.0
1203,0.0,0.0,0.0,0.0
1204,0.0,0.0,0.0,0.0
1205,0.0,0.0,0.0,0.0
1206,0.0,0.0,0.0,0.0
1207,0.0,0.0,0.0,0.0
1208,0.0,0.0,0.0,0.0
1209,0.0,0.0,0.0,0.0
1210,0.0,0.0,0.0,0.0
1211,0.0,0.0,0.0,0.0
1212,0.0,0.0,0.0,0.0
1213,0.0,0.0,0.0,0.0
1214,0.0,0.0,0.0,0.0
1215,0.0,0.0,0.0,0.0
1216,0.0,0.0,0.0,0.0
1217,0.0,0.0,0.0,0.0
1218,0.0,0.0,0.0,0.0
1219,0.0,0.0,0.0,0.0
1220,0.0,0.0,0.0,0.0
1221,0.0,0.0,0.0,0.0
1222,0.0,0.0,0.0,0.0
1223,0.0,0.0,0.0,0.0
1224,0.0,0.0,0.0,0.0
1225,0.0,0.0,0.0,0.0
1226,0.0,0.0,0.0,0.0
1227,0.0,0.0,0.0,0.0
1228,0.0,0.0,0.0,0.0
1229,0.0,0.0,0.0,0.0
1230,0.0,0.0,0.0,0.0
1231,0.0,0.0,0.0,0.0
1232,0.0,0.0,0.0,0.0
1233,0.0,0.0,0.0,0.0
1234,0.0,0.0,0.0,0.0
1235,0.0,0.0,0.0,0.0
1236,0.0,0.0,0.0,0.0
1237,0.0,0.0,0.0,0.0
1238,0.0,0.0,0.0,0.0
1239,0.0,0.0,0.0,0.0
1240,0.0,0.0,0.0,0.0
1241,0.0,0.0,0.0,0.0
1242,0.0,0.0,0.0,0.0
1243,0.0,0.0,0.0,0.0
1244,0.0,0.0,0.0,0.0
1245,0.0,0.0,0.0,0.0
1246,0.0,0.0,0.0,0.0
1247,0.0,0.0,0.0,0.0
1248,0.0,0.0,0.0,0.0
1249,0.0,0.0,0.0,0.0
1250,0.0,0.0,0.0,0.0
1251,0.0,0.0,0.0,0.0
1252,0.0,0.0,0.0,0.0
1253,0.0,0.0,0.0,0.0
1254,0.0,0.0,0.0,0.0
1255,0.0,0.0,0.0,0.0
1256,0.0,0.0,0.0,0.0
1257,0.0,0.0,0.0,0.0
1258,0.0,0.0,0.0,0.0
1259,0.0,0.0,0.0,0.0
1260,0.0,0.0,0.0,0.0
1261,0.0,0.0,0.0,0.0
1262,0.0,0.0,0.0,0.0
1263,0.0,0.0,0.0,0.0
1264,0.0,0.0,0.0,0.0
1265,0.0,0.0,0.0,0.0
1266,0.0,0.0,0.0,0.0
1267,0.0,0.0,0.0,0.0
1268,0.0,0.0,0.0,0.0
1269,0.0,0.0,0.0,0.0
1270,0.0,0.0,0.0,0.0
1271,0.0,0.0,0.0,0.0
1272,0.0,0.0,0.0,0.0
1273,0.0,0.0,0.0,0.0
1274,0.0,0.0,0.0,0.0
1275,0.0,0.0,0.0,0.0
1276,0.0,0.0,0.0,0.0
1277,0.0,0.0,0.0,0.0
1278,0.0,0.0,0.0,0.0
1279,0.0,0.0,0.0,0.0
1280,0.0,0.0,0.0,0.0
1281,0.0,0.0,0.0,0.0
1282,0.0,0.0,0.0,0.0
1283,0.0,0.0,0.0,0.0
1284,0.0,0.0,0.0,0.0
1285,0.0,0.0,0.0,0.0
1286,0.0,0.0,0.0,0.0
1287,0.0,0.0,0.0,0.0
1288,0.0,0.0,0.0,0.0
1289,0.0,0.0,0.0,0.0
1290,0.0,0.0,0.0,0.0
1291,0.0,0.0,0.0,0.0
1292,0.0,0.0,0.0,0.0
1293,0.0,0.0,0.0,0.0
1294,0.0,0.0,0.0,0.0
1295,0.0,0.0,0.0,0.0
1296,0.0,0.0,0.0,0.0
1297,0.0,0.0,0.0,0.0
1298,0.0,0.0,0.0,0.0
1299,0.0,0.0,0.0,0.0
1300,0.0,0.0,0.0,0.0
1301,0.0,0.0,0.0,0.0
1302,0.0,0.0,0.0,0.0
1303,0.0,0.0,0.0,0.0
1304,0.0,0.0,0.0,0.0
1305,0.0,0.0,0.0,0.0
1306,0.0,0.0,0.0,0.0
1307,0.0,0.0,0.0,0.0
1308,0.0,0.0,0.0,0.0
1309,0.0,0.0,0.0,0.0
1310,0.0,0.0,0.0,0.0
1311,0.0,0.0,0.0,0.0
1312,0.0,0.0,0.0,0.0
1313,0.0,0.0,0.0,0.0
1314,0.0,0.0,0.0,0.0
1315,0.0,0.0,0.0,0.0
1316,0.0,0.0,0.0,0.0
1317,0.0,0.0,0.0,0.0
1318,0.0,0.0,0.0,0.0
1319,0.0,0.0,0.0,0.0
1320,0.0,0.0,0.0,0.0
1321,0.0,0.0,0.0,0.0
1322,0.0,0.0,0.0,0.0
1323,0.0,0.0,0.0,0.0
1324,0.0,0.0,0.0,0.0
1325,0.0,0.0,0.0,0.0
1326,0.0,0.0,0.0,0.0
1327,0.0,0.0,0.0,0.0
1328,0.0,0.0,0.0,0.0
1329,0.0,0.0,0.0,0.0
1330,0.0,0.0,0.0,0.0
1331,0.0,0.0,0.0,0.0
1332,0.0,0.0,0.0,0.0
1333,0.0,0.0,0.0,0.0
1334,0.0,0.0,0.0,0.0
1335,0.0,0.0,0.0,0.0
1336,0.0,0.0,0.0,0.0
1337,0.0,0.0,0.0,0.0
1338,0.0,0.0,0.0,0.0
1339,0.0,0.0,0.0,0.0
1340,0.0,0.0,0.0,0.0
1341,0.0,0.0,0.0,0.0
1342,0.0,0.0,0.0,0.0
1343,0.0,0.0,0.0,0.0
1344,0.0,0.0,0.0,0.0
1345,0.0,0.0,0.0,0.0
1346,0.0,0.0,0.0,0.0
1347,0.0,0.0,0.0,0.0
1348,0.0,0.0,0.0,0.0
1349,0.0,0.0,0.0,0.0
1350,0.0,0.0,0.0,0.0
1351,0.0,0.0,0.0,0.0
1352,0.0,0.0,0.0,0.0
1353,0.0,0.0,0.0,0.0
1354,0.0,0.0,0.0,0.0
1355,0.0,0.0,0.0,0.0
1356,0.0,0.0,0.0,0.0
1357,0.0,0.0,0.0,0.0
1358,0.0,0.0,0.0,0.0
1359,0.0,0.0,0.0,0.0
1360,0.0,0.0,0.0,0.0
1361,0.0,0.0,0.0,0.0
1362,0.0,0.0,0.0,0.0
1363,0.0,0.0,0.0,0.0
1364,0.0,0.0,0.0,0.0
1365,0.0,0.0,0.0,0.0
1366,0.0,0.0,0.0,0.0
1367,0.0,0.0,0.0,0.0
1368,0.0,0.0,0.0,0.0
1369,0.0,0.0,0.0,0.0
1370,0.0,0.0,0.0,0.0
1371,0.0,0.0,0.0,0.0
1372,0.0,0.0,0.0,0.0
1373,0.0,0.0,0.0,0.0
1374,0.0,0.0,0.0,0.0
1375,0.0,0.0,0.0,0.0
1376,0.0,0.0,0.0,0.0
1377,0.0,0.0,0.0,0.0
1378,0.0,0.0,0.0,0.0
1379,0.0,0.0,0.0,0.0
1380,0.0,0.0,0.0,0.0
1381,0.0,0.0,0.0,0.0
1382,0.0,0.0,0.0,0.0
1383,0.0,0.0,0.0,0.0
1384,0.0,0.0,0.0,0.0
1385,0.0,0.0,0.0,0.0
1386,0.0,0.0,0.0,0.0
1387,0.0,0.0,0.0,0.0
1388,0.0,0.0,0.0,0.0
1389,0.0,0.0,0.0,0.0
1390,0.0,0.0,0.0,0.0
1391,0.0,0.0,0.0,0.0
1392,0.0,0.0,0.0,0.0
1393,0.0,0.0,0.0,0.0
1394,0.0,0.0,0.0,0.0
1395,0.0,0.0,0.0,0.0
1396,0.0,0.0,0.0,0.0
1397,0.0,0.0,0.0,0.0
1398,0.0,0.0,0.0,0.0
1399,0.0,0.0,0.0,0.0
1400,0.0,0.0,0.0,0.0
1401,0.0,0.0,0.0,0.0
1402,0.0,0.0,0.0,0.0
1403,0.0,0.0,0.0,0.0
1404,0.0,0.0,0.0,0.0
1405,0.0,0.0,0.0,0.0
1406,0.0,0.0,0.0,0.0
1407,0.0,0.0,0.0,0.0
1408,0.0,0.0,0.0,0.0
1409,0.0,0.0,0.0,0.0
1410,0.0,0.0,0.0,0.0
1411,0.0,0.0,0.0,0.0
1412,0.0,0.0,0.0,0.0
1413,0.0,0.0,0.0,0.0
1414,0.0,0.0,0.0,0.0
1415,0.0,0.0,0.0,0.0
1416,0.0,0.0,0.0,0.0
1417,0.0,0.0,0.0,0.0
1418,0.0,0.0,0.0,0.0
1419,0.0,0.0,0.0,0.0
1420,0.0,0.0,0.0,0.0
1421,0.0,0.0,0.0,0.0
1422,0.0,0.0,0.0,0.0
1423,0.0,0.0,0.0,0.0
1424,0.0,0.0,0.0,0.0
1425,0.0,0.0,0.0,0.0
1426,0.0,0.0,0.0,0.0
1427,0.0,0.0,0.0,0.0
1428,0.0,0.0,0.0,0.0
1429,0.0,0.0,0.0,0.0
1430,0.0,0.0,0.0,0.0
1431,0.0,0.0,0.0,0.0
1432,0.0,0.0,0.0,0.0
1433,0.0,0.0,0.0,0.0
1434,0.0,0.0,0.0,0.0
1435,0.0,0.0,0.0,0.0
1436,0.0,0.0,0.0,0.0
1437,0.0,0.0,0.0,0.0
1438,0.0,0.0,0.0,0.0
1439,0.0,0.0,0.0,0.0
1440,0.0,0.0,0.0,0.0
1441,0.0,0.0,0.0,0.0
1442,0.0,0.0,0.0,0.0
1443,0.0,0.0,0.0,0.0
1444,0.0,0.0,0.0,0.0
1445,0.0,0.0,0.0,0.0
1446,0.0,0.0,0.0,0.0
1447,0.0,0.0,0.0,0.0
1448,0.0,0.0,0.0,0.0
1449,0.0,0.0,0.0,0.0
1450,0.0,0.0,0.0,0.0
1451,0.0,0.0,0.0,0.0
1452,0.0,0.0,0.0,0.0
1453,0.0,0.0,0.0,0.0
1454,0.0,0.0,0.0,0.0
1455,0.0,0.0,0.0,0.0
1456,0.0,0.0,0.0,0.0
1457,0.0,0.0,0.0,0.0
1458,0.0,0.0,0.0,0.0
1459,0.0,0.0,0.0,0.0
1460,0.0,0.0,0.0,0.0
1461,0.0,0.0,0.0,0.0
1462,0.0,0.0,0.0,0.0
1463,0.0,0.0,0.0,0.0
1464,0.0,0.0,0.0,0.0
1465,0.0,0.0,0.0,0.0
1466,0.0,0.0,0.0,0.0
1467,0.0,0.0,0.0,0.0
1468,0.0,0.0,0.0,0.0
1469,0.0,0.0,0.0,0.0
1470,0.0,0.0,0.0,0.0
1471,0.0,0.0,0.0,0.0
1472,0.0,0.0,0.0,0.0
1473,0.0,0.0,0.0,0.0
1474,0.0,0.0,0.0,0.0
1475,0.0,0.0,0.0,0.0
1476,0.0,0.0,0.0,0.0
1477,0.0,0.0,0.0,0.0
1478,0.0,0.0,0.0,0.0
1479,0.0,0.0,0.0,0.0
1480,0.0,0.0,0.0,0.0
1481,0.0,0.0,0.0,0.0
1482,0.0,0.0,0.0,0.0
1483,0.0,0.0,0.0,0.0
1484,0.0,0.0,0.0,0.0
1485,0.0,0.0,0.0,0.0
1486,0.0,0.0,0.0,0.0
1487,0.0,0.0,0.0,0.0
1488,0.0,0.0,0.0,0.0
1489,0.0,0.0,0.0,0.0
1490,0.0,0.0,0.0,0.0
1491,0.0,0.0,0.0,0.0
1492,0.0,0.0,0.0,0.0
1493,0.0,0.0,0.0,0.0
1494,0.0,0.0,0.0,0.0
1495,0.0,0.0,0.0,0.0
1496,0.0,0.0,0.0,0.0
1497,0.0,0.0,0.0,0.0
1498,0.0,0.0,0.0,0.0
1499,0.0,0.0,0.0,0.0
1500,0.0,0.0,0.0,0.0
1501,0.0,0.0,0.0,0.0
1502,0.0,0.0,0.0,0.0
1503,0.0,0.0,0.0,0.0
1504,0.0,0.0,0.0,0.0
1505,0.0,0.0,0.0,0.0
1506,0.0,0.0,0.0,0.0
1507,0.0,0.0,0.0,0.0
1508,0.0,0.0,0.0,0.0
1509,0.0,0.0,0.0,0.0
1510,0.0,0.0,0.0,0.0
1511,0.0,0.0,0.0,0.0
1512,0.0,0.0,0.0,0.0
1513,0.0,0.0,0.0,0.0
1514,0.0,0.0,0.0,0.0
1515,0.0,0.0,0.0,0.0
1516,0.0,0.0,0.0,0.0
1517,0.0,0.0,0.0,0.0
1518,0.0,0.0,0.0,0.0
1519,0.0,0.0,0.0,0.0
1520,0.0,0.0,0.0,0.0
1521,0.0,0.0,0.0,0.0
1522,0.0,0.0,0.0,0.0
1523,0.0,0.0,0.0,0.0
1524,0.0,0.0,0.0,0.0
1525,0.0,0.0,0.0,0.0
1526,0.0,0.0,0.0,0.0
1527,0.0,0.0,0.0,0.0
1528,0.0,0.0,0.0,0.0
1529,0.0,0.0,0.0,0.0
1530,0.0,0.0,0.0,0.0
1531,0.0,0.0,0.0,0.0
1532,0.0,0.0,0.0,0.0
1533,0.0,0.0,0.0,0.0
1534,0.0,0.0,0.0,0.0
1535,0.0,0.0,0.0,0.0
1536,0.0,0.0,0.0,0.0
1537,0.0,0.0,0.0,0.0
1538,0.0,0.0,0.0,0.0
1539,0.0,0.0,0.0,0.0
1540,0.0,0.0,0.0,0.0
1541,0.0,0.0,0.0,0.0
1542,0.0,0.0,0.0,0.0
1543,0.0,0.0,0.0,0.0
1544,0.0,0.0,0.0,0.0
1545,0.0,0.0,0.0,0.0
1546,0.0,0.0,0.0,0.0
1547,0.0,0.0,0.0,0.0
1548,0.0,0.0,0.0,0.0
1549,0.0,0.0,0.0,0.0
1550,0.0,0.0,0.0,0.0
1551,0.0,0.0,0.0,0.0
1552,0.0,0.0,0.0,0.0
1553,0.0,0.0,0.0,0.0
1554,0.0,0.0,0.0,0.0
1555,0.0,0.0,0.0,0.0
1556,0.0,0.0,0.0,0.0
1557,0.0,0.0,0.0,0.0
1558,0.0,0.0,0.0,0.0
1559,0.0,0.0,0.0,0.0
1560,0.0,0.0,0.0,0.0
1561,0.0,0.0,0.0,0.0
1562,0.0,0.0,0.0,0.0
1563,0.0,0.0,0.0,0.0
1564,0.0,0.0,0.0,0.0
1565,0.0,0.0,0.0,0.0
1566,0.0,0.0,0.0,0.0
1567,0.0,0.0,0.0,0.0
1568,0.0,0.0,0.0,0.0
1569,0.0,0.0,0.0,0.0
1570,0.0,0.0,0.0,0.0
1571,0.0,0.0,0.0,0.0
1572,0.0,0.0,0.0,0.0
1573,0.0,0.0,0.0,0.0
1574,0.0,0.0,0.0,0.0
1575,0.0,0.0,0.0,0.0
1576,0.0,0.0,0.0,0.0
1577,0.0,0.0,0.0,0.0
1578,0.0,0.0,0.0,0.0
1579,0.0,0.0,0.0,0.0
1580,0.0,0.0,0.0,0.0
1581,0.0,0.0,0.0,0.0
1582,0.0,0.0,0.0,0.0
1583,0.0,0.0,0.0,0.0
1584,0.0,0.0,0.0,0.0
1585,0.0,0.0,0.0,0.0
1586,0.0,0.0,0.0,0.0
1587,0.0,0.0,0.0,0.0
1588,0.0,0.0,0.0,0.0
1589,0.0,0.0,0.0,0.0
1590,0.0,0.0,0.0,0.0
1591,0.0,0.0,0.0,0.0
1592,0.0,0.0,0.0,0.0
1593,0.0,0.0,0.0,0.0
1594,0.0,0.0,0.0,0.0
1595,0.0,0.0,0.0,0.0
1596,0.0,0.0,0.0,0.0
1597,0.0,0.0,0.0,0.0
1598,0.0,0.0,0.0,0.0
1599,0.0,0.0,0.0,0.0
1600,0.0,0.0,0.0,0.0
1601,0.0,0.0,0.0,0.0
1602,0.0,0.0,0.0,0.0
1603,0.0,0.0,0.0,0.0
1604,0.0,0.0,0.0,0.0
1605,0.0,0.0,0.0,0.0
1606,0.0,0.0,0.0,0.0
1607,0.0,0.0,0.0,0.0
1608,0.0,0.0,0.0,0.0
1609,0.0,0.0,0.0,0.0
1610,0.0,0.0,0.0,0.0
1611,0.0,0.0,0.0,0.0
1612,0.0,0.0,0.0,0.0
1613,0.0,0.0,0.0,0.0
1614,0.0,0.0,0.0,0.0
1615,0.0,0.0,0.0,0.0
1616,0.0,0.0,0.0,0.0
1617,0.0,0.0,0.0,0.0
1618,0.0,0.0,0.0,0.0
1619,0.0,0.0,0.0,0.0
1620,0.0,0.0,0.0,0.0
1621,0.0,0.0,0.0,0.0
1622,0.0,0.0,0.0,0.0
1623,0.0,0.0,0.0,0.0
1624,0.0,0.0,0.0,0.0
1625,0.0,0.0,0.0,0.0
1626,0.0,0.0,0.0,0.0
1627,0.0,0.0,0.0,0.0
1628,0.0,0.0,0.0,0.0
1629,0.0,0.0,0.0,0.0
1630,0.0,0.0,0.0,0.0
1631,0.0,0.0,0.0,0.0
1632,0.0,0.0,0.0,0.0
1633,0.0,0.0,0.0,0.0
1634,0.0,0.0,0.0,0.0
1635,0.0,0.0,0.0,0.0
1636,0.0,0.0,0.0,0.0
1637,0.0,0.0,0.0,0.0
1638,0.0,0.0,0.0,0.0
1639,0.0,0.0,0.0,0.0
1640,0.0,0.0,0.0,0.0
1641,0.0,0.0,0.0,0.0
1642,0.0,0.0,0.0,0.0
1643,0.0,0.0,0.0,0.0
1644,0.0,0.0,0.0,0.0
1645,0.0,0.0,0.0,0.0
1646,0.0,0.0,0.0,0.0
1647,0.0,0.0,0.0,0.0
1648,0.0,0.0,0.0,0.0
1649,0.0,0.0,0.0,0.0
1650,0.0,0.0,0.0,0.0
1651,0.0,0.0,0.0,0.0
1652,0.0,0.0,0.0,0.0
1653,0.0,0.0,0.0,0.0
1654,0.0,0.0,0.0,0.0
1655,0.0,0.0,0.0,0.0
1656,0.0,0.0,0.0,0.0
1657,0.0,0.0,0.0,0.0
1658,0.0,0.0,0.0,0.0
1659,0.0,0.0,0.0,0.0
1660,0.0,0.0,0.0,0.0
1661,0.0,0.0,0.0,0.0
1662,0.0,0.0,0.0,0.0
1663,0.0,0.0,0.0,0.0
1664,0.0,0.0,0.0,0.0
1665,0.0,0.0,0.0,0.0
1666,0.0,0.0,0.0,0.0
1667,0.0,0.0,0.0,0.0
1668,0.0,0.0,0.0,0.0
1669,0.0,0.0,0.0,0.0
1670,0.0,0.0,0.0,0.0
1671,0.0,0.0,0.0,0.0
1672,0.0,0.0,0.0,0.0
1673,0.0,0.0,0.0,0.0
1674,0.0,0.0,0.0,0.0
1675,0.0,0.0,0.0,0.0
1676,0.0,0.0,0.0,0.0
1677,0.0,0.0,0.0,0.0
1678,0.0,0.0,0.0,0.0
1679,0.0,0.0,0.0,0.0
1680,0.0,0.0,0.0,0.0
1681,0.0,0.0,0.0,0.0
1682,0.0,0.0,0.0,0.0
1683,0.0,0.0,0.0,0.0
1684,0.0,0.0,0.0,0.0
1685,0.0,0.0,0.0,0.0
1686,0.0,0.0,0.0,0.0
1687,0.0,0.0,0.0,0.0
1688,0.0,0.0,0.0,0.0
1689,0.0,0.0,0.0,0.0
1690,0.0,0.0,0.0,0.0
1691,0.0,0.0,0.0,0.0
1692,0.0,0.0,0.0,0.0
1693,0.0,0.0,0.0,0.0
1694,0.0,0.0,0.0,0.0
1695,0.0,0.0,0.0,0.0
1696,0.0,0.0,0.0,0.0
1697,0.0,0.0,0.0,0.0
1698,0.0,0.0,0.0,0.0
1699,0.0,0.0,0.0,0.0
1700,0.0,0.0,0.0,0.0
1701,0.0,0.0,0.0,0.0
1702,0.0,0.0,0.0,0.0
1703,0.0,0.0,0.0,0.0
1704,0.0,0.0,0.0,0.0
1705,0.0,0.0,0.0,0.0
1706,0.0,0.0,0.0,0.0
1707,0.0,0.0,0.0,0.0
1708,0.0,0.0,0.0,0.0
1709,0.0,0.0,0.0,0.0
1710,0.0,0.0,0.0,0.0
1711,0.0,0.0,0.0,0.0
1712,0.0,0.0,0.0,0.0
1713,0.0,0.0,0.0,0.0
1714,0.0,0.0,0.0,0.0
1715,0.0,0.0,0.0,0.0
1716,0.0,0.0,0.0,0.0
1717,0.0,0.0,0.0,0.0
1718,0.0,0.0,0.0,0.0
1719,0.0,0.0,0.0,0.0
1720,0.0,0.0,0.0,0.0
1721,0.0,0.0,0.0,0.0
1722,0.0,0.0,0.0,0.0
1723,0.0,0.0,0.0,0.0
1724,0.0,0.0,0.0,0.0
1725,0.0,0.0,0.0,0.0
1726,0.0,0.0,0.0,0.0
1727,0.0,0.0,0.0,0.0
1728,0.0,0.0,0.0,0.0
1729,0.0,0.0,0.0,0.0
1730,0.0,0.0,0.0,0.0
1731,0.0,0.0,0.0,0.0
1732,0.0,0.0,0.0,0.0
1733,0.0,0.0,0.0,0.0
1734,0.0,0.0,0.0,0.0
1735,0.0,0.0,0.0,0.0
1736,0.0,0.0,0.0,0.0
1737,0.0,0.0,0.0,0.0
1738,0.0,0.0,0.0,0.0
1739,0.0,0.0,0.0,0.0
1740,0.0,0.0,0.0,0.0
1741,0.0,0.0,0.0,0.0
1742,0.0,0.0,0.0,0.0
1743,0.0,0.0,0.0,0.0
1744,0.0,0.0,0.0,0.0
1745,0.0,0.0,0.0,0.0
1746,0.0,0.0,0.0,0.0
1747,0.0,0.0,0.0,0.0
1748,0.0,0.0,0.0,0.0
1749,0.0,0.0,0.0,0.0
1750,0.0,0.0,0.0,0.0
1751,0.0,0.0,0.0,0.0
1752,0.0,0.0,0.0,0.0
1753,0.0,0.0,0.0,0.0
1754,0.0,0.0,0.0,0.0
1755,0.0,0.0,0.0,0.0
1756,0.0,0.0,0.0,0.0
1757,0.0,0.0,0.0,0.0
1758,0.0,0.0,0.0,0.0
1759,0.0,0.0,0.0,0.0
1760,0.0,0.0,0.0,0.0
1761,0.0,0.0,0.0,0.0
1762,0.0,0.0,0.0,0.0
1763,0.0,0.0,0.0,0.0
1764,0.0,0.0,0.0,0.0
1765,0.0,0.0,0.0,0.0
1766,0.0,0.0,0.0,0.0
1767,0.0,0.0,0.0,0.0
1768,0.0,0.0,0.0,0.0
1769,0.0,0.0,0.0,0.0
1770,0.0,0.0,0.0,0.0
1771,0.0,0.0,0.0,0.0
1772,0.0,0.0,0.0,0.0
1773,0.0,0.0,0.0,0.0
1774,0.0,0.0,0.0,0.0
1775,0.0,0.0,0.0,0.0
1776,0.0,0.0,0.0,0.0
1777,0.0,0.0,0.0,0.0
1778,0.0,0.0,0.0,0.0
1779,0.0,0.0,0.0,0.0
1780,0.0,0.0,0.0,0.0
1781,0.0,0.0,0.0,0.0
1782,0.0,0.0,0.0,0.0
1783,0.0,0.0,0.0,0.0
1784,0.0,0.0,0.0,0.0
1785,0.0,0.0,0.0,0.0
1786,0.0,0.0,0.0,0.0
1787,0.0,0.0,0.0,0.0
1788,0.0,0.0,0.0,0.0
1789,0.0,0.0,0.0,0.0
1790,0.0,0.0,0.0,0.0
1791,0.0,0.0,0.0,0.0
1792,0.0,0.0,0.0,0.0
1793,0.0,0.0,0.0,0.0
1794,0.0,0.0,0.0,0.0
1795,0.0,0.0,0.0,0.0
1796,0.0,0.0,0.0,0.0
1797,0.0,0.0,0.0,0.0
1798,0.0,0.0,0.0,0.0
1799,0.0,0.0,0.0,0.0
1800,0.0,0.0,0.0,0.0
1801,0.0,0.0,0.0,0.0
1802,0.0,0.0,0.0,0.0
1803,0.0,0.0,0.0,0.0
1804,0.0,0.0,0.0,0.0
1805,0.0,0.0,0.0,0.0
1806,0.0,0.0,0.0,0.0
1807,0.0,0.0,0.0,0.0
1808,0.0,0.0,0.0,0.0
1809,0.0,0.0,0.0,0.0
1810,0.0,0.0,0.0,0.0
1811,0.0,0.0,0.0,0.0
1812,0.0,0.0,0.0,0.0
1813,0.0,0.0,0.0,0.0
1814,0.0,0.0,0.0,0.0
1815,0.0,0.0,0.0,0.0
1816,0.0,0.0,0.0,0.0
1817,0.0,0.0,0.0,0.0
1818,0.0,0.0,0.0,0.0
1819,0.0,0.0,0.0,0.0
1820,0.0,0.0,0.0,0.0
1821,0.0,0.0,0.0,0.0
1822,0.0,0.0,0.0,0.0
1823,0.0,0.0,0.0,0.0
1824,0.0,0.0,0.0,0.0
1825,0.0,0.0,0.0,0.0
1826,0.0,0.0,0.0,0.0
1827,0.0,0.0,0.0,0.0
1828,0.0,0.0,0.0,0.0
1829,0.0,0.0,0.0,0.0
1830,0.0,0.0,0.0,0.0
1831,0.0,0.0,0.0,0.0
1832,0.0,0.0,0.0,0.0
1833,0.0,0.0,0.0,0.0
1834,0.0,0.0,0.0,0.0
1835,0.0,0.0,0.0,0.0
1836,0.0,0.0,0.0,0.0
1837,0.0,0.0,0.0,0.0
1838,0.0,0.0,0.0,0.0
1839,0.0,0.0,0.0,0.0
1840,0.0,0.0,0.0,0.0
1841,0.0,0.0,0.0,0.0
1842,0.0,0.0,0.0,0.0
1843,0.0,0.0,0.0,0.0
1844,0.0,0.0,0.0,0.0
1845,0.0,0.0,0.0,0.0
1846,0.0,0.0,0.0,0.0
1847,0.0,0.0,0.0,0.0
1848,0.0,0.0,0.0,0.0
1849,0.0,0.0,0.0,0.0
1850,0.0,0.0,0.0,0.0
1851,0.0,0.0,0.0,0.0
1852,0.0,0.0,0.0,0.0
1853,0.0,0.0,0.0,0.0
1854,0.0,0.0,0.0,0.0
1855,0.0,0.0,0.0,0.0
1856,0.0,0.0,0.0,0.0
1857,0.0,0.0,0.0,0.0
1858,0.0,0.0,0.0,0.0
1859,0.0,0.0,0.0,0.0
1860,0.0,0.0,0.0,0.0
1861,0.0,0.0,0.0,0.0
1862,0.0,0.0,0.0,0.0
1863,0.0,0.0,0.0,0.0
1864,0.0,0.0,0.0,0.0
1865,0.0,0.0,0.0,0.0
1866,0.0,0.0,0.0,0.0
1867,0.0,0.0,0.0,0.0
1868,0.0,0.0,0.0,0.0
1869,0.0,0.0,0.0,0.0
1870,0.0,0.0,0.0,0.0
1871,0.0,0.0,0.0,0.0
1872,0.0,0.0,0.0,0.0
1873,0.0,0.0,0.0,0.0
1874,0.0,0.0,0.0,0.0
1875,0.0,0.0,0.0,0.0
1876,0.0,0.0,0.0,0.0
1877,0.0,0.0,0.0,0.0
1878,0.0,0.0,0.0,0.0
1879,0.0,0.0,0.0,0.0
1880,0.0,0.0,0.0,0.0
1881,0.0,0.0,0.0,0.0
1882,0.0,0.0,0.0,0.0
1883,0.0,0.0,0.0,0.0
1884,0.0,0.0,0.0,0.0
1885,0.0,0.0,0.0,0.0
1886,0.0,0.0,0.0,0.0
1887,0.0,0.0,0.0,0.0
1888,0.0,0.0,0.0,0.0
1889,0.0,0.0,0.0,0.0
1890,0.0,0.0,0.0,0.0
1891,0.0,0.0,0.0,0.0
1892,0.0,0.0,0.0,0.0
1893,0.0,0.0,0.0,0.0
1894,0.0,0.0,0.0,0.0
1895,0.0,0.0,0.0,0.0
1896,0.0,0.0,0.0,0.0
1897,0.0,0.0,0.0,0.0
1898,0.0,0.0,0.0,0.0
1899,0.0,0.0,0.0,0.0
1900,0.0,0.0,0.0,0.0
1901,0.0,0.0,0.0,0.0
1902,0.0,0.0,0.0,0.0
1903,0.0,0.0,0.0,0.0
1904,0.0,0.0,0.0,0.0
1905,0.0,0.0,0.0,0.0
1906,0.0,0.0,0.0,0.0
1907,0.0,0.0,0.0,0.0
1908,0.0,0.0,0.0,0.0
1909,0.0,0.0,0.0,0.0
1910,0.0,0.0,0.0,0.0
1911,0.0,0.0,0.0,0.0
1912,0.0,0.0,0.0,0.0
1913,0.0,0.0,0.0,0.0
1914,0.0,0.0,0.0,0.0
1915,0.0,0.0,0.0,0.0
1916,0.0,0.0,0.0,0.0
1917,0.0,0.0,0.0,0.0
1918,0.0,0.0,0.0,0.0
1919,0.0,0.0,0.0,0.0
1920,0.0,0.0,0.0,0.0
1921,0.0,0.0,0.0,0.0
1922,0.0,0.0,0.0,0.0
1923,0.0,0.0,0.0,0.0
1924,0.0,0.0,0.0,0.0
1925,0.0,0.0,0.0,0.0
1926,0.0,0.0,0.0,0.0
1927,0.0,0.0,0.0,0.0
1928,0.0,0.0,0.0,0.0
1929,0.0,0.0,0.0,0.0
1930,0.0,0.0,0.0,0.0
1931,0.0,0.0,0.0,0.0
1932,0.0,0.0,0.0,0.0
1933,0.0,0.0,0.0,0.0
1934,0.0,0.0,0.0,0.0
1935,0.0,0.0,0.0,0.0
1936,0.0,0.0,0.0,0.0
1937,0.0,0.0,0.0,0.0
1938,0.0,0.0,0.0,0.0
1939,0.0,0.0,0.0,0.0
1940,0.0,0.0,0.0,0.0
1941,0.0,0.0,0.0,0.0
1942,0.0,0.0,0.0,0.0
1943,0.0,0.0,0.0,0.0
1944,0.0,0.0,0.0,0.0
1945,0.0,0.0,0.0,0.0
1946,0.0,0.0,0.0,0.0
1947,0.0,0.0,0.0,0.0
1948,0.0,0.0,0.0,0.0
1949,0.0,0.0,0.0,0.0
1950,0.0,0.0,0.0,0.0
1951,0.0,0.0,0.0,0.0
1952,0.0,0.0,0.0,0.0
1953,0.0,0.0,0.0,0.0
1954,0.0,0.0,0.0,0.0
1955,0.0,0.0,0.0,0.0
1956,0.0,0.0,0.0,0.0
1957,0.0,0.0,0.0,0.0
1958,0.0,0.0,0.0,0.0
1959,0.0,0.0,0.0,0.0
1960,0.0,0.0,0.0,0.0
1961,0.0,0.0,0.0,0.0
1962,0.0,0.0,0.0,0.0
1963,0.0,0.0,0.0,0.0
1964,0.0,0.0,0.0,0.0
1965,0.0,0.0,0.0,0.0
1966,0.0,0.0,0.0,0.0
1967,0.0,0.0,0.0,0.0
1968,0.0,0.0,0.0,0.0
1969,0.0,0.0,0.0,0.0
1970,0.0,0.0,0.0,0.0
1971,0.0,0.0,0.0,0.0
1972,0.0,0.0,0.0,0.0
1973,0.0,0.0,0.0,0.0
1974,0.0,0.0,0.0,0.0
1975,0.0,0.0,0.0,0.0
1976,0.0,0.0,0.0,0.0
1977,0.0,0.0,0.0,0.0
1978,0.0,0.0,0.0,0.0
1979,0.0,0.0,0.0,0.0
1980,0.0,0.0,0.0,0.0
1981,0.0,0.0,0.0,0.0
1982,0.0,0.0,0.0,0.0
1983,0.0,0.0,0.0,0.0
1984,0.0,0.0,0.0,0.0
1985,0.0,0.0,0.0,0.0
1986,0.0,0.0,0.0,0.0
1987,0.0,0.0,0.0,0.0
1988,0.0,0.0,0.0,0.0
1989,0.0,0.0,0.0,0.0
1990,0.0,0.0,0.0,0.0
1991,0.0,0.0,0.0,0.0
1992,0.0,0.0,0.0,0.0
1993,0.0,0.0,0.0,0.0
1994,0.0,0.0,0.0,0.0
1995,0.0,0.0,0.0,0.0
1996,0.0,0.0,0.0,0.0
1997,0.0,0.0,0.0,0.0
1998,0.0,0.0,0.0,0.0
1999,0.0,0.0,0.0,0.0
